risingSearches,keyword,value,unknown,geo,time,sys_time
dengue tratamento,Dengue,1.4,FALSE,BR-AC,2021-03,2025-07-30 17:23
sintomas do covid,Dengue,1.1,FALSE,BR-AC,2021-03,2025-07-30 17:23
,Dengue,,,BR-AL,2021-03,2025-07-30 17:23
mosquito da dengue,Dengue,1.1,FALSE,BR-AM,2021-03,2025-07-30 17:23
dengue hemorrágica,Dengue,0.7,FALSE,BR-AM,2021-03,2025-07-30 17:23
sintomas de dengue,Dengue,0.5,FALSE,BR-AM,2021-03,2025-07-30 17:23
,Dengue,,,BR-AP,2021-03,2025-07-30 17:23
febre amarela,Dengue,1636,TRUE,BR-BA,2021-03,2025-07-30 17:23
"sintomas da dengue, zika e chikungunya",Dengue,505.5,TRUE,BR-BA,2021-03,2025-07-30 17:23
sintoma de dengue,Dengue,0.5,FALSE,BR-BA,2021-03,2025-07-30 17:23
sintoma da dengue,Dengue,1062.5,TRUE,BR-CE,2021-03,2025-07-30 17:23
quais são os sintomas da dengue,Dengue,703.5,TRUE,BR-CE,2021-03,2025-07-30 17:23
quais os sintomas da dengue,Dengue,0.8,FALSE,BR-CE,2021-03,2025-07-30 17:23
dengue hemorrágica,Dengue,0.6,FALSE,BR-CE,2021-03,2025-07-30 17:23
sintomas de covid,Dengue,3938.5,TRUE,BR-DF,2021-03,2025-07-30 17:23
remédio para dengue,Dengue,1091.5,TRUE,BR-DF,2021-03,2025-07-30 17:23
quais são os sintomas da dengue,Dengue,978,TRUE,BR-DF,2021-03,2025-07-30 17:23
dengue tratamento,Dengue,1.1,FALSE,BR-DF,2021-03,2025-07-30 17:23
dengue hemorrágica,Dengue,0.9,FALSE,BR-DF,2021-03,2025-07-30 17:23
sintomas dengue x covid,Dengue,0.8,FALSE,BR-DF,2021-03,2025-07-30 17:23
sintomas de dengue,Dengue,0.7,FALSE,BR-DF,2021-03,2025-07-30 17:23
,Dengue,,,BR-ES,2021-03,2025-07-30 17:23
quais os sintomas da covid 19,Dengue,436,TRUE,BR-GO,2021-03,2025-07-30 17:23
exame de dengue,Dengue,0.5,FALSE,BR-GO,2021-03,2025-07-30 17:23
dengue da diarreia,Dengue,0.5,FALSE,BR-GO,2021-03,2025-07-30 17:23
sintoma de dengue,Dengue,0.5,FALSE,BR-GO,2021-03,2025-07-30 17:23
,Dengue,,,BR-MA,2021-03,2025-07-30 17:23
tratamento da dengue,Dengue,539.5,TRUE,BR-MG,2021-03,2025-07-30 17:23
sintomas do coronavirus,Dengue,354,TRUE,BR-MG,2021-03,2025-07-30 17:23
sintomas dengue leve,Dengue,347.5,TRUE,BR-MG,2021-03,2025-07-30 17:23
casos de dengue 2021,Dengue,336,TRUE,BR-MG,2021-03,2025-07-30 17:23
sorologia para dengue,Dengue,274.5,TRUE,BR-MG,2021-03,2025-07-30 17:23
dengue passa de uma pessoa para outra,Dengue,202,TRUE,BR-MG,2021-03,2025-07-30 17:23
foto do mosquito da dengue,Dengue,190,TRUE,BR-MG,2021-03,2025-07-30 17:23
sintomas da dengue clássica,Dengue,188.5,TRUE,BR-MG,2021-03,2025-07-30 17:23
sintomas de dengue e covid,Dengue,3,FALSE,BR-MG,2021-03,2025-07-30 17:23
dengue sintomas iniciais,Dengue,1.2,FALSE,BR-MG,2021-03,2025-07-30 17:23
dengue dura quantos dias,Dengue,1.2,FALSE,BR-MG,2021-03,2025-07-30 17:23
sintoma de dengue,Dengue,0.8,FALSE,BR-MG,2021-03,2025-07-30 17:23
vacina da dengue,Dengue,0.5,FALSE,BR-MG,2021-03,2025-07-30 17:23
quais sintomas da dengue,Dengue,0.6,FALSE,BR-MS,2021-03,2025-07-30 17:23
tratamentos para dengue,Dengue,1245,TRUE,BR-MT,2021-03,2025-07-30 17:23
sintomas da dengue comum,Dengue,680.5,TRUE,BR-MT,2021-03,2025-07-30 17:23
sintoma de dengue,Dengue,0.9,FALSE,BR-MT,2021-03,2025-07-30 17:23
dengue igg reagente,Dengue,0.5,FALSE,BR-MT,2021-03,2025-07-30 17:23
sintomas do covid,Dengue,1353,TRUE,BR-PA,2021-03,2025-07-30 17:23
dengue hemorrágica,Dengue,2331.5,TRUE,BR-PB,2021-03,2025-07-30 17:23
mosquito da dengue,Dengue,0.5,FALSE,BR-PB,2021-03,2025-07-30 17:23
para alguns cientistas o aquecimento global,Dengue,7466,TRUE,BR-PE,2021-03,2025-07-30 17:23
"para alguns cientistas, o aquecimento global é um fenômeno natural resultante da transição do planeta terra da era glacial para a interglacial. porém, a maioria dos cientistas atribui às atividades humanas o aumento da temperatura nessas últimas décadas.",Dengue,6876.5,TRUE,BR-PE,2021-03,2025-07-30 17:23
existem dois processos fundamentais para a manutenção da vida na terra que se complementam. esses processos são conhecidos como fotossíntese e respiração celular. a relação existente entre eles está no fato de as substâncias tidas como produto na fotossíntese serem utilizadas como reagentes na respiração celular.,Dengue,6110.5,TRUE,BR-PE,2021-03,2025-07-30 17:23
esse organoide é encontrado em grande quantidade nas células responsáveis pela,Dengue,4860,TRUE,BR-PE,2021-03,2025-07-30 17:23
"para alguns cientistas, o aquecimento global é um fenômeno natural resultante da transição do planeta terra da era glacial para a interglacial. porém, a maioria dos cientistas atribui às atividades humanas o aumento da temperatura nessas últimas décadas. uma atividade humana relacionada a esse fenômeno é",Dengue,3346,TRUE,BR-PE,2021-03,2025-07-30 17:23
a soja transgênica produzida no brasil apresenta um gene que a torna resistente ao herbicida glifosato.,Dengue,3324,TRUE,BR-PE,2021-03,2025-07-30 17:23
a soja transgênica produzida no brasil apresenta um gene que a torna resistente ao herbicida glifosato. um impacto que essa tecnologia pode gerar é,Dengue,3257.5,TRUE,BR-PE,2021-03,2025-07-30 17:23
uma atividade humana relacionada a esse fenômeno é,Dengue,3174,TRUE,BR-PE,2021-03,2025-07-30 17:23
um dos objetivos da comparação entre sequências de dna é,Dengue,2771,TRUE,BR-PE,2021-03,2025-07-30 17:23
"ecologicamente, esses fungos participam da",Dengue,2518,TRUE,BR-PE,2021-03,2025-07-30 17:23
"bruna tinha uma amostra de cobre que recebeu uma quantidade de calor igual a 400 cal. por curiosidade, ela queria saber qual era a capacidade térmica dessa amostra. sabe-se que sua temperatura variou 50 oc.",Dengue,2360,TRUE,BR-PE,2021-03,2025-07-30 17:23
"o número de internações por doenças como diarreia, leptospirose e dengue é, ainda, bastante elevado no brasil, principalmente, nas regiões norte e nordeste. esse fato está relacionado à deficiência do saneamento básico dessas regiões. à inexistência de campanhas preventivas nessas regiões. à negligência quanto aos hábitos de higiene nessas regiões. às alterações climáticas constantes nessas regiões. às características físicas das pessoas dessas regiões.",Dengue,2355.5,TRUE,BR-PE,2021-03,2025-07-30 17:23
quais os sintomas da dengue,Dengue,2150.5,TRUE,BR-PE,2021-03,2025-07-30 17:23
"bruna tinha uma amostra de cobre que recebeu uma quantidade de calor igual a 400 cal. por curiosidade, ela queria saber qual era a capacidade térmica dessa amostra. sabe-se que sua temperatura variou 50 oc. qual era o valor da capacidade térmica dessa amostra?",Dengue,1992,TRUE,BR-PE,2021-03,2025-07-30 17:23
"o dna é encontrado em todas as células do nosso corpo e possui todas as informações necessárias para gerar um ser vivo. existe uma grande variação na sequência do dna de pessoa para pessoa, fazendo com que seja praticamente impossível encontrar duas pessoas com a mesma sequência.",Dengue,1968,TRUE,BR-PE,2021-03,2025-07-30 17:23
organoide citoplasmático,Dengue,1479.5,TRUE,BR-PE,2021-03,2025-07-30 17:23
a imagem abaixo mostra uma espécie de fungo,Dengue,1437.5,TRUE,BR-PE,2021-03,2025-07-30 17:23
"o esquema abaixo representa um processo de especiação ocorrido em uma região, cujo centro e periferia apresentam condições ambientais distintas.",Dengue,1405.5,TRUE,BR-PE,2021-03,2025-07-30 17:23
"os vírus são seres diminutos, com dimensões observáveis apenas ao microscópio eletrônico. basicamente são constituídos por ácido nucleico, que pode ser o dna ou rna, envolvido por um invólucro proteico que protege o material genético, e combina-se quimicamente com receptores membranares das células parasitadas.",Dengue,1169.5,TRUE,BR-PE,2021-03,2025-07-30 17:23
"a vegetação característica desse bioma apresenta folhas grandes, lisas e brilhantes com pontas em forma de goteiras. raízes do tipo pneumatóforos e folhas com glândulas de excreção de sal. raízes profundas, caules retorcidos e folhas largas com muitos estômatos. talos grossos e folhas reduzidas ou transformadas em espinhos. vasto sistema de raízes, folhas estreitas e caules bastante flexíveis.",Dengue,1099.5,TRUE,BR-PE,2021-03,2025-07-30 17:23
quais são os sintomas da dengue,Dengue,842.5,TRUE,BR-PE,2021-03,2025-07-30 17:23
dengue é contagiosa,Dengue,802.5,TRUE,BR-PE,2021-03,2025-07-30 17:23
existem dois processos fundamentais para a manutenção da vida na terra que se complementam,Dengue,673.5,TRUE,BR-PE,2021-03,2025-07-30 17:23
"o número de internações por doenças como diarreia, leptospirose e dengue é, ainda, bastante elevado no brasil, principalmente, nas regiões norte e nordeste.",Dengue,8,FALSE,BR-PE,2021-03,2025-07-30 17:23
existem dois processos fundamentais para a manutenção da vida na terra que se complementam. esses processos são conhecidos como fotossíntese e respiração celular. a relação existente entre eles está no fato de as substâncias tidas como produto na fotossíntese serem utilizadas como reagentes na respiração celular. uma dessas substâncias é o,Dengue,4,FALSE,BR-PE,2021-03,2025-07-30 17:23
sintomas de dengue,Dengue,1.3,FALSE,BR-PI,2021-03,2025-07-30 17:23
dengue sintomas,Dengue,1,FALSE,BR-PI,2021-03,2025-07-30 17:23
sintomas da dengue,Dengue,0.5,FALSE,BR-PI,2021-03,2025-07-30 17:23
"a dengue é uma importante doença viral que afeta várias pessoas todos os anos, provocando febre alta, manchas na pele e dores nas articulações. é uma doença comum em épocas quentes e chuvosas do ano, portanto, é importante que algumas medidas sejam tomadas durante esse período. agora olhe no seu jardim, nos lugares em que você passa e aponte o que não pode ter nesses espaços que possam servir de criadouro do mosquito transmissor?",Dengue,1626.5,TRUE,BR-PR,2021-03,2025-07-30 17:23
"a dengue é uma doença viral que acomete várias pessoas, levando muitas à morte. os vetores dessa doença são mosquitos do gênero aedes. sobre a transmissão da dengue e seu vetor, marque a alternativa correta.",Dengue,1082.5,TRUE,BR-PR,2021-03,2025-07-30 17:23
prevenção da dengue,Dengue,809.5,TRUE,BR-PR,2021-03,2025-07-30 17:23
esses textos são de um gênero literário específico. assinale a alternativa que indica qual é esse gênero e quais os elementos narrativos que apresentam.,Dengue,798.5,TRUE,BR-PR,2021-03,2025-07-30 17:23
"escalar é a atividade de usar as mãos, os pés ou qualquer outra parte do corpo para subir um objeto topográfico íngreme, é feito por locomoção, recreação e competição, e dentro de ofícios que dependem da ascensão, como resgate de emergência e operações militares. pode ser realizado em ambientes internos e externos, em estruturas naturais e artificiais. diante disso, como podemos definir a modalidade boulder da escalada?",Dengue,749,TRUE,BR-PR,2021-03,2025-07-30 17:23
"gabriel recebe seu salário e o gasta por impulso. um dia conheceu rebeca, que entende bem de educação financeira e faz uso de um orçamento financeiro. gabriel, então, começou a perceber que consome de forma inconsciente, por isso ele deve mudar algumas ações. qual seria a melhor forma de gabriel organizar seus gastos?",Dengue,689.5,TRUE,BR-PR,2021-03,2025-07-30 17:23
teste de dengue,Dengue,678.5,TRUE,BR-PR,2021-03,2025-07-30 17:23
assinale a alternativa correta a respeito do parnasianismo?,Dengue,563,TRUE,BR-PR,2021-03,2025-07-30 17:23
quais os sintomas do covid,Dengue,420.5,TRUE,BR-PR,2021-03,2025-07-30 17:23
remedio pra dengue,Dengue,317.5,TRUE,BR-PR,2021-03,2025-07-30 17:23
mortes por dengue 2021,Dengue,282,TRUE,BR-PR,2021-03,2025-07-30 17:23
"a dengue é uma doença comum em épocas quentes e chuvosas do ano, portanto, é importante que algumas medidas sejam tomadas durante esse período. todas as alternativas abaixo indicam medidas que ajudam a barrar a reprodução do mosquito transmissor, exceto",Dengue,221.5,TRUE,BR-PR,2021-03,2025-07-30 17:23
qual o tratamento para dengue,Dengue,162,TRUE,BR-PR,2021-03,2025-07-30 17:23
dengue transmissão,Dengue,7,FALSE,BR-PR,2021-03,2025-07-30 17:23
qual é a primeira determinação do ângulo de 1080°?,Dengue,7,FALSE,BR-PR,2021-03,2025-07-30 17:23
como é o mosquito da dengue,Dengue,3.5,FALSE,BR-PR,2021-03,2025-07-30 17:23
dengue prevenção,Dengue,3,FALSE,BR-PR,2021-03,2025-07-30 17:23
manchas de dengue,Dengue,2.5,FALSE,BR-PR,2021-03,2025-07-30 17:23
sintomas da dengue zika e chikungunya,Dengue,1426,TRUE,BR-RJ,2021-03,2025-07-30 17:23
dengue 2021,Dengue,1.9,FALSE,BR-RJ,2021-03,2025-07-30 17:23
chikungunya sintomas,Dengue,1.2,FALSE,BR-RJ,2021-03,2025-07-30 17:23
sintomas do covid 19,Dengue,0.6,FALSE,BR-RJ,2021-03,2025-07-30 17:23
mortes dengue 2021,Dengue,0.5,FALSE,BR-RJ,2021-03,2025-07-30 17:23
dengue transmissão,Dengue,0.5,FALSE,BR-RJ,2021-03,2025-07-30 17:23
casos de dengue,Dengue,0.4,FALSE,BR-RJ,2021-03,2025-07-30 17:23
zika sintomas,Dengue,0.4,FALSE,BR-RJ,2021-03,2025-07-30 17:23
sintomas do covid,Dengue,3147,TRUE,BR-RN,2021-03,2025-07-30 17:23
mosquito da dengue,Dengue,0.4,FALSE,BR-RN,2021-03,2025-07-30 17:23
,Dengue,,,BR-RO,2021-03,2025-07-30 17:23
,Dengue,,,BR-RR,2021-03,2025-07-30 17:23
como é o mosquito da dengue,Dengue,1126.5,TRUE,BR-RS,2021-03,2025-07-30 17:23
dengue transmissão,Dengue,1.3,FALSE,BR-RS,2021-03,2025-07-30 17:23
dengue tratamento,Dengue,1.3,FALSE,BR-RS,2021-03,2025-07-30 17:23
sintoma dengue,Dengue,1250,TRUE,BR-SC,2021-03,2025-07-30 17:23
dengue hemorrágica,Dengue,0.9,FALSE,BR-SC,2021-03,2025-07-30 17:23
tratamento dengue,Dengue,0.5,FALSE,BR-SC,2021-03,2025-07-30 17:23
,Dengue,,,BR-SE,2021-03,2025-07-30 17:23
exantema,Dengue,183,TRUE,BR-SP,2021-03,2025-07-30 17:23
coçeira da dengue como aliviar,Dengue,166,TRUE,BR-SP,2021-03,2025-07-30 17:23
mortes por dengue em 2021,Dengue,145.5,TRUE,BR-SP,2021-03,2025-07-30 17:23
primeiros sintomas da covid,Dengue,123.5,TRUE,BR-SP,2021-03,2025-07-30 17:23
morte por dengue 2021,Dengue,122.5,TRUE,BR-SP,2021-03,2025-07-30 17:23
qual exame detecta dengue,Dengue,109.5,TRUE,BR-SP,2021-03,2025-07-30 17:23
teste dengue caseiro,Dengue,108.5,TRUE,BR-SP,2021-03,2025-07-30 17:23
sintomas demgue,Dengue,106.5,TRUE,BR-SP,2021-03,2025-07-30 17:23
dengo,Dengue,94.5,TRUE,BR-SP,2021-03,2025-07-30 17:23
como combater a dengue,Dengue,93.5,TRUE,BR-SP,2021-03,2025-07-30 17:23
dengue manchas vermelhas fotos,Dengue,90.5,TRUE,BR-SP,2021-03,2025-07-30 17:23
sintoma da dengue comum,Dengue,87,TRUE,BR-SP,2021-03,2025-07-30 17:23
dengue da falta de ar,Dengue,85,TRUE,BR-SP,2021-03,2025-07-30 17:23
cid a90,Dengue,84,TRUE,BR-SP,2021-03,2025-07-30 17:23
dengue causa inchaço,Dengue,58,TRUE,BR-SP,2021-03,2025-07-30 17:23
dengue pega mais de uma vez,Dengue,57.5,TRUE,BR-SP,2021-03,2025-07-30 17:23
dengo sinônimo,Dengue,55.5,TRUE,BR-SP,2021-03,2025-07-30 17:23
exame de dengue sai na hora,Dengue,53,TRUE,BR-SP,2021-03,2025-07-30 17:23
tem vacina para dengue,Dengue,52,TRUE,BR-SP,2021-03,2025-07-30 17:23
como curar a dengue,Dengue,39,FALSE,BR-SP,2021-03,2025-07-30 17:23
dengue é contagioso?,Dengue,24.5,FALSE,BR-SP,2021-03,2025-07-30 17:23
mortes por dengue 2021,Dengue,8.5,FALSE,BR-SP,2021-03,2025-07-30 17:23
sequelas da dengue,Dengue,1.9,FALSE,BR-SP,2021-03,2025-07-30 17:23
sintomas de ansiedade,Dengue,1.8,FALSE,BR-SP,2021-03,2025-07-30 17:23
diferença entre dengue e covid,Dengue,1.7,FALSE,BR-SP,2021-03,2025-07-30 17:23
dengue hemorrágica,Dengue,0.9,FALSE,BR-TO,2021-03,2025-07-30 17:23
"o número de internações por doenças como diarreia, leptospirose e dengue é, ainda, bastante elevado no brasil, principalmente, nas regiões norte e nordeste.",Dengue,201.5,TRUE,BR,2021-03,2025-07-30 17:23
"a dengue é uma importante doença viral que afeta várias pessoas todos os anos, provocando febre alta, manchas na pele e dores nas articulações. é uma doença comum em épocas quentes e chuvosas do ano, portanto, é importante que algumas medidas sejam tomadas durante esse período. agora olhe no seu jardim, nos lugares em que você passa e aponte o que não pode ter nesses espaços que possam servir de criadouro do mosquito transmissor?",Dengue,166,TRUE,BR,2021-03,2025-07-30 17:23
"para alguns cientistas, o aquecimento global é um fenômeno natural resultante da transição do planeta terra da era glacial para a interglacial. porém, a maioria dos cientistas atribui às atividades humanas o aumento da temperatura nessas últimas décadas.",Dengue,140,TRUE,BR,2021-03,2025-07-30 17:23
existem dois processos fundamentais para a manutenção da vida na terra que se complementam. esses processos são conhecidos como fotossíntese e respiração celular. a relação existente entre eles está no fato de as substâncias tidas como produto na fotossíntese serem utilizadas como reagentes na respiração celular. uma dessas substâncias é o,Dengue,97,TRUE,BR,2021-03,2025-07-30 17:23
como aliviar coceira da dengue,Dengue,91.5,TRUE,BR,2021-03,2025-07-30 17:23
coçeira da dengue como aliviar,Dengue,87,TRUE,BR,2021-03,2025-07-30 17:23
um dos objetivos da comparação entre sequências de dna é,Dengue,62,TRUE,BR,2021-03,2025-07-30 17:23
"o esquema abaixo representa um processo de especiação ocorrido em uma região, cujo centro e periferia apresentam condições ambientais distintas.",Dengue,48,FALSE,BR,2021-03,2025-07-30 17:23
"o dna é encontrado em todas as células do nosso corpo e possui todas as informações necessárias para gerar um ser vivo. existe uma grande variação na sequência do dna de pessoa para pessoa, fazendo com que seja praticamente impossível encontrar duas pessoas com a mesma sequência.",Dengue,47.5,FALSE,BR,2021-03,2025-07-30 17:23
"o número de internações por doenças como diarreia, leptospirose e dengue é, ainda, bastante elevado no brasil, principalmente, nas regiões norte e nordeste. esse fato está relacionado à deficiência do saneamento básico dessas regiões. à inexistência de campanhas preventivas nessas regiões. à negligência quanto aos hábitos de higiene nessas regiões. às alterações climáticas constantes nessas regiões. às características físicas das pessoas dessas regiões.",Dengue,44,FALSE,BR,2021-03,2025-07-30 17:23
quem ta com dengue pode tomar dipirona,Dengue,35,FALSE,BR,2021-03,2025-07-30 17:23
esse organoide é encontrado em grande quantidade nas células responsáveis pela acumulação de água. formação de açúcares. liberação de oxigênio. produção de proteínas. reserva de energia.,Dengue,32.5,FALSE,BR,2021-03,2025-07-30 17:23
morte por dengue 2021,Dengue,4.5,FALSE,BR,2021-03,2025-07-30 17:23
mortes dengue 2021,Dengue,4,FALSE,BR,2021-03,2025-07-30 17:23
mortes por dengue 2021,Dengue,3.5,FALSE,BR,2021-03,2025-07-30 17:23
a soja transgênica produzida no brasil apresenta um gene que a torna resistente ao herbicida glifosato. um impacto que essa tecnologia pode gerar é,Dengue,3.5,FALSE,BR,2021-03,2025-07-30 17:23
a dengue é uma doença causada por,Dengue,3.5,FALSE,BR,2021-03,2025-07-30 17:23
como combater a dengue,Dengue,3,FALSE,BR,2021-03,2025-07-30 17:23
esse organoide é encontrado em grande quantidade nas células responsáveis pela,Dengue,3,FALSE,BR,2021-03,2025-07-30 17:23
existem dois processos fundamentais para a manutenção da vida na terra que se complementam. esses processos são conhecidos como fotossíntese e respiração celular. a relação existente entre eles está no fato de as substâncias tidas como produto na fotossíntese serem utilizadas como reagentes na respiração celular.,Dengue,2.5,FALSE,BR,2021-03,2025-07-30 17:23
quantos dias duram os sintomas da dengue,Dengue,2,FALSE,BR,2021-03,2025-07-30 17:23
casos de dengue no brasil 2021,Dengue,2,FALSE,BR,2021-03,2025-07-30 17:23
cid suspeita de dengue,Dengue,1.9,FALSE,BR,2021-03,2025-07-30 17:23
transmissão da dengue,Dengue,1.4,FALSE,BR,2021-03,2025-07-30 17:23
dengue transmissão,Dengue,1,FALSE,BR,2021-03,2025-07-30 17:23
,Chikungunya,,,BR-AC,2021-03,2025-07-30 17:23
,Chikungunya,,,BR-AL,2021-03,2025-07-30 17:23
chikungunya sintomas,Chikungunya,12449,TRUE,BR-AM,2021-03,2025-07-30 17:23
,Chikungunya,,,BR-AP,2021-03,2025-07-30 17:23
"por que o brasil está fortemente propenso ao surgimento e circulação de viroses tais como dengue, febre amarela, chikungunya, zika sars-cov2?",Chikungunya,2750,TRUE,BR-BA,2021-03,2025-07-30 17:23
o que são métodos diretos e indiretos para detecção de vírus? dê exemplos de cada e suas aplicações?,Chikungunya,1994.5,TRUE,BR-BA,2021-03,2025-07-30 17:23
por que estudar os vírus?,Chikungunya,1924.5,TRUE,BR-BA,2021-03,2025-07-30 17:23
porque estudar os virus,Chikungunya,1572,TRUE,BR-BA,2021-03,2025-07-30 17:23
sequelas da chikungunya,Chikungunya,865.5,TRUE,BR-BA,2021-03,2025-07-30 17:23
sintomas da covid,Chikungunya,3,FALSE,BR-BA,2021-03,2025-07-30 17:23
dengue zika e chikungunya,Chikungunya,0.5,FALSE,BR-BA,2021-03,2025-07-30 17:23
chicungunha,Chikungunya,0.5,FALSE,BR-CE,2021-03,2025-07-30 17:23
,Chikungunya,,,BR-DF,2021-03,2025-07-30 17:23
sintomas de chikungunya,Chikungunya,7423,TRUE,BR-ES,2021-03,2025-07-30 17:23
chikungunya sintomas,Chikungunya,0.5,FALSE,BR-ES,2021-03,2025-07-30 17:23
,Chikungunya,,,BR-GO,2021-03,2025-07-30 17:23
,Chikungunya,,,BR-MA,2021-03,2025-07-30 17:23
"sintomas da dengue, zika e chikungunya",Chikungunya,1028,TRUE,BR-MG,2021-03,2025-07-30 17:23
chikungunya tratamento,Chikungunya,0.7,FALSE,BR-MG,2021-03,2025-07-30 17:23
chikungunya,Chikungunya,0.9,FALSE,BR-MS,2021-03,2025-07-30 17:23
,Chikungunya,,,BR-MT,2021-03,2025-07-30 17:23
,Chikungunya,,,BR-PA,2021-03,2025-07-30 17:23
,Chikungunya,,,BR-PB,2021-03,2025-07-30 17:23
,Chikungunya,,,BR-PE,2021-03,2025-07-30 17:23
,Chikungunya,,,BR-PI,2021-03,2025-07-30 17:23
,Chikungunya,,,BR-PR,2021-03,2025-07-30 17:23
zika virus,Chikungunya,2846,TRUE,BR-RJ,2021-03,2025-07-30 17:23
sintomas da chikungunya,Chikungunya,1.9,FALSE,BR-RJ,2021-03,2025-07-30 17:23
sintomas dengue,Chikungunya,0.6,FALSE,BR-RJ,2021-03,2025-07-30 17:23
chikungunya sintomas,Chikungunya,0.5,FALSE,BR-RJ,2021-03,2025-07-30 17:23
,Chikungunya,,,BR-RN,2021-03,2025-07-30 17:23
,Chikungunya,,,BR-RO,2021-03,2025-07-30 17:23
,Chikungunya,,,BR-RR,2021-03,2025-07-30 17:23
,Chikungunya,,,BR-RS,2021-03,2025-07-30 17:23
,Chikungunya,,,BR-SC,2021-03,2025-07-30 17:23
sintomas da chikungunya,Chikungunya,14796.5,TRUE,BR-SE,2021-03,2025-07-30 17:23
sintomas da dengue,Chikungunya,2.5,FALSE,BR-SE,2021-03,2025-07-30 17:23
chikungunya sintomas,Chikungunya,0.8,FALSE,BR-SE,2021-03,2025-07-30 17:23
chikungunha,Chikungunya,1204,TRUE,BR-SP,2021-03,2025-07-30 17:23
chikungunya transmissão,Chikungunya,567.5,TRUE,BR-SP,2021-03,2025-07-30 17:23
tratamento para chicungunha,Chikungunya,279.5,TRUE,BR-SP,2021-03,2025-07-30 17:23
"sintomas da dengue, zika e chikungunya",Chikungunya,0.5,FALSE,BR-SP,2021-03,2025-07-30 17:23
sintomas covid,Chikungunya,0.4,FALSE,BR-SP,2021-03,2025-07-30 17:23
chikungunya sequelas,Chikungunya,0.4,FALSE,BR-SP,2021-03,2025-07-30 17:23
,Chikungunya,,,BR-TO,2021-03,2025-07-30 17:23
"por que o brasil está fortemente propenso ao surgimento e circulação de viroses tais como dengue, febre amarela, chikungunya, zika sars-cov2?",Chikungunya,577.5,TRUE,BR,2021-03,2025-07-30 17:23
quais as principais características gerais dos vírus,Chikungunya,393,TRUE,BR,2021-03,2025-07-30 17:23
quais são as diferentes portas de entrada e disseminação que os vírus podem utilizar para entrar no organismo hospedeiro? dê exemplos.,Chikungunya,203.5,TRUE,BR,2021-03,2025-07-30 17:23
qual a diferença entre dengue e chikungunya,Chikungunya,172,TRUE,BR,2021-03,2025-07-30 17:23
chikungunya é transmissível,Chikungunya,148.5,TRUE,BR,2021-03,2025-07-30 17:23
porque estudar os virus,Chikungunya,98,TRUE,BR,2021-03,2025-07-30 17:23
por que estudar os vírus?,Chikungunya,2.5,FALSE,BR,2021-03,2025-07-30 17:23
chikungunya coça muito,Chikungunya,1.7,FALSE,BR,2021-03,2025-07-30 17:23
ebola,Chikungunya,1.4,FALSE,BR,2021-03,2025-07-30 17:23
quais os sintomas da chikungunya,Chikungunya,1.3,FALSE,BR,2021-03,2025-07-30 17:23
prednisona,Chikungunya,1.2,FALSE,BR,2021-03,2025-07-30 17:23
sintomas do covid 19,Chikungunya,1.2,FALSE,BR,2021-03,2025-07-30 17:23
febre amarela,Chikungunya,1.2,FALSE,BR,2021-03,2025-07-30 17:23
zika vírus sintomas,Chikungunya,1.2,FALSE,BR,2021-03,2025-07-30 17:23
diferença entre dengue e chikungunya,Chikungunya,0.9,FALSE,BR,2021-03,2025-07-30 17:23
o que são métodos diretos e indiretos para detecção de vírus? dê exemplos de cada e suas aplicações?,Chikungunya,0.8,FALSE,BR,2021-03,2025-07-30 17:23
sintomas da covid,Chikungunya,0.7,FALSE,BR,2021-03,2025-07-30 17:23
o que é chicungunha,Chikungunya,0.7,FALSE,BR,2021-03,2025-07-30 17:23
chicungunia,Chikungunya,0.6,FALSE,BR,2021-03,2025-07-30 17:23
chikungunya transmissão,Chikungunya,0.5,FALSE,BR,2021-03,2025-07-30 17:23
chikungunya prevenção,Chikungunya,0.5,FALSE,BR,2021-03,2025-07-30 17:23
sintomas do covid,Chikungunya,0.5,FALSE,BR,2021-03,2025-07-30 17:23
chikungunha,Chikungunya,0.4,FALSE,BR,2021-03,2025-07-30 17:23
gripe espanhola,Influenza/gripe,0.5,FALSE,BR-AC,2021-03,2025-07-30 17:23
gripe espanhola mortes,Influenza/gripe,1777,TRUE,BR-AL,2021-03,2025-07-30 17:23
gripe espanhola,Influenza/gripe,1.1,FALSE,BR-AL,2021-03,2025-07-30 17:23
quanto tempo durou a gripe espanhola,Influenza/gripe,1884.5,TRUE,BR-AM,2021-03,2025-07-30 17:23
como se denomina o tipo de vírus que ataca bactérias?,Influenza/gripe,1438,TRUE,BR-AM,2021-03,2025-07-30 17:23
,Influenza/gripe,,,BR-AP,2021-03,2025-07-30 17:23
vacina influenza 2021,Influenza/gripe,603.5,TRUE,BR-BA,2021-03,2025-07-30 17:23
cha caseiro para gripe,Influenza/gripe,487,TRUE,BR-BA,2021-03,2025-07-30 17:23
peste bubonica,Influenza/gripe,429,TRUE,BR-BA,2021-03,2025-07-30 17:23
o gráfico acima apresenta alguns números da gripe,Influenza/gripe,391,TRUE,BR-BA,2021-03,2025-07-30 17:23
quantas pessoas morreram de covid no mundo,Influenza/gripe,351,TRUE,BR-BA,2021-03,2025-07-30 17:23
quantas pessoas morreram na gripe espanhola,Influenza/gripe,227,TRUE,BR-BA,2021-03,2025-07-30 17:23
ebola,Influenza/gripe,4,FALSE,BR-BA,2021-03,2025-07-30 17:23
vacina gripe salvador,Influenza/gripe,2,FALSE,BR-BA,2021-03,2025-07-30 17:23
influenza,Influenza/gripe,1.7,FALSE,BR-BA,2021-03,2025-07-30 17:23
variola,Influenza/gripe,1.3,FALSE,BR-BA,2021-03,2025-07-30 17:23
gripe espanhola durou quanto tempo,Influenza/gripe,1.2,FALSE,BR-BA,2021-03,2025-07-30 17:23
aids,Influenza/gripe,1,FALSE,BR-BA,2021-03,2025-07-30 17:23
gripe espanhola mortes,Influenza/gripe,0.9,FALSE,BR-BA,2021-03,2025-07-30 17:23
gripe suina,Influenza/gripe,0.8,FALSE,BR-BA,2021-03,2025-07-30 17:23
gripe espanhola,Influenza/gripe,0.6,FALSE,BR-BA,2021-03,2025-07-30 17:23
quanto tempo durou a gripe espanhola,Influenza/gripe,0.5,FALSE,BR-BA,2021-03,2025-07-30 17:23
peste negra,Influenza/gripe,0.4,FALSE,BR-BA,2021-03,2025-07-30 17:23
gripe espanhola mortes,Influenza/gripe,0.9,FALSE,BR-CE,2021-03,2025-07-30 17:23
sivep gripe,Influenza/gripe,0.7,FALSE,BR-CE,2021-03,2025-07-30 17:23
cha para gripe,Influenza/gripe,0.6,FALSE,BR-CE,2021-03,2025-07-30 17:23
influenza vacina,Influenza/gripe,0.6,FALSE,BR-CE,2021-03,2025-07-30 17:23
covid sintomas,Influenza/gripe,0.4,FALSE,BR-CE,2021-03,2025-07-30 17:23
peste negra,Influenza/gripe,0.4,FALSE,BR-CE,2021-03,2025-07-30 17:23
aids,Influenza/gripe,980,TRUE,BR-DF,2021-03,2025-07-30 17:23
vacina da gripe df,Influenza/gripe,759.5,TRUE,BR-DF,2021-03,2025-07-30 17:23
peste negra mortes,Influenza/gripe,546.5,TRUE,BR-DF,2021-03,2025-07-30 17:23
vacina gripe df,Influenza/gripe,2,FALSE,BR-DF,2021-03,2025-07-30 17:23
gripe espanhola mortes,Influenza/gripe,1.8,FALSE,BR-DF,2021-03,2025-07-30 17:23
gripe suina,Influenza/gripe,1.1,FALSE,BR-DF,2021-03,2025-07-30 17:23
sintomas covid,Influenza/gripe,0.5,FALSE,BR-DF,2021-03,2025-07-30 17:23
influenza,Influenza/gripe,0.4,FALSE,BR-DF,2021-03,2025-07-30 17:23
gripe espanhola mortes,Influenza/gripe,2827,TRUE,BR-ES,2021-03,2025-07-30 17:23
sintomas da gripe,Influenza/gripe,1.3,FALSE,BR-ES,2021-03,2025-07-30 17:23
gripe espanhola,Influenza/gripe,1.1,FALSE,BR-ES,2021-03,2025-07-30 17:23
gripe suína,Influenza/gripe,1113.5,TRUE,BR-GO,2021-03,2025-07-30 17:23
gripe espanhola sintomas,Influenza/gripe,888,TRUE,BR-GO,2021-03,2025-07-30 17:23
gripe espanhola matou quantos,Influenza/gripe,839,TRUE,BR-GO,2021-03,2025-07-30 17:23
quantas pessoas morreram com a gripe espanhola,Influenza/gripe,726.5,TRUE,BR-GO,2021-03,2025-07-30 17:23
peste bubonica,Influenza/gripe,254,TRUE,BR-GO,2021-03,2025-07-30 17:23
quanto tempo durou a gripe espanhola,Influenza/gripe,4,FALSE,BR-GO,2021-03,2025-07-30 17:23
vacina da gripe,Influenza/gripe,2.5,FALSE,BR-GO,2021-03,2025-07-30 17:23
gripe espanhola durou quanto tempo,Influenza/gripe,2,FALSE,BR-GO,2021-03,2025-07-30 17:23
gripe suina,Influenza/gripe,1.5,FALSE,BR-GO,2021-03,2025-07-30 17:23
ano da gripe espanhola,Influenza/gripe,1.3,FALSE,BR-GO,2021-03,2025-07-30 17:23
gripe espanhola mortes,Influenza/gripe,1.1,FALSE,BR-GO,2021-03,2025-07-30 17:23
covid 19,Influenza/gripe,0.9,FALSE,BR-GO,2021-03,2025-07-30 17:23
ebola,Influenza/gripe,0.6,FALSE,BR-GO,2021-03,2025-07-30 17:23
sintomas da gripe,Influenza/gripe,0.4,FALSE,BR-GO,2021-03,2025-07-30 17:23
gripe espanhola mortes,Influenza/gripe,2364,TRUE,BR-MA,2021-03,2025-07-30 17:23
quanto tempo durou a gripe espanhola,Influenza/gripe,493.5,TRUE,BR-MA,2021-03,2025-07-30 17:23
peste negra,Influenza/gripe,1,FALSE,BR-MA,2021-03,2025-07-30 17:23
gripe espanhola,Influenza/gripe,0.8,FALSE,BR-MA,2021-03,2025-07-30 17:23
xarope para gripe,Influenza/gripe,0.4,FALSE,BR-MA,2021-03,2025-07-30 17:23
mortes covid mundo,Influenza/gripe,1133.5,TRUE,BR-MG,2021-03,2025-07-30 17:23
quantas pessoas morreram com a gripe espanhola,Influenza/gripe,444.5,TRUE,BR-MG,2021-03,2025-07-30 17:23
quantos anos durou a gripe espanhola,Influenza/gripe,387.5,TRUE,BR-MG,2021-03,2025-07-30 17:23
celestrat serve para gripe,Influenza/gripe,206.5,TRUE,BR-MG,2021-03,2025-07-30 17:23
gripe espanhola x covid,Influenza/gripe,185,TRUE,BR-MG,2021-03,2025-07-30 17:23
quando foi a gripe espanhola e quanto tempo durou,Influenza/gripe,159,TRUE,BR-MG,2021-03,2025-07-30 17:23
campanha influenza 2021,Influenza/gripe,159,TRUE,BR-MG,2021-03,2025-07-30 17:23
numero de mortes covid mundo,Influenza/gripe,112.5,TRUE,BR-MG,2021-03,2025-07-30 17:23
como desentupir nariz,Influenza/gripe,91,TRUE,BR-MG,2021-03,2025-07-30 17:23
vacina gripe 2021 sus,Influenza/gripe,3,FALSE,BR-MG,2021-03,2025-07-30 17:23
vacina gripe 2021,Influenza/gripe,2.5,FALSE,BR-MG,2021-03,2025-07-30 17:23
quantas pessoas morreram de covid no mundo,Influenza/gripe,2,FALSE,BR-MG,2021-03,2025-07-30 17:23
coronavirus no mundo,Influenza/gripe,1.9,FALSE,BR-MG,2021-03,2025-07-30 17:23
peste negra mortes,Influenza/gripe,1.7,FALSE,BR-MG,2021-03,2025-07-30 17:23
h1n1,Influenza/gripe,1.6,FALSE,BR-MG,2021-03,2025-07-30 17:23
vacina da gripe 2021,Influenza/gripe,1,FALSE,BR-MG,2021-03,2025-07-30 17:23
como diferenciar gripe de covid,Influenza/gripe,1,FALSE,BR-MG,2021-03,2025-07-30 17:23
gripe dura quantos dias,Influenza/gripe,0.9,FALSE,BR-MG,2021-03,2025-07-30 17:23
remedios para gripe,Influenza/gripe,0.8,FALSE,BR-MG,2021-03,2025-07-30 17:23
covid no mundo,Influenza/gripe,0.8,FALSE,BR-MG,2021-03,2025-07-30 17:23
vacina da gripe,Influenza/gripe,0.8,FALSE,BR-MG,2021-03,2025-07-30 17:23
gripe espanhola mortes,Influenza/gripe,0.7,FALSE,BR-MG,2021-03,2025-07-30 17:23
quanto tempo durou a gripe espanhola,Influenza/gripe,0.7,FALSE,BR-MG,2021-03,2025-07-30 17:23
gripe espanhola durou quanto tempo,Influenza/gripe,0.7,FALSE,BR-MG,2021-03,2025-07-30 17:23
remedio para gripe infantil,Influenza/gripe,0.7,FALSE,BR-MG,2021-03,2025-07-30 17:23
para aumentar a imunidade populacional relativa ao vírus da gripe,Influenza/gripe,5894.5,TRUE,BR-MS,2021-03,2025-07-30 17:23
quanto tempo durou a gripe espanhola,Influenza/gripe,1968,TRUE,BR-MS,2021-03,2025-07-30 17:23
coronavirus,Influenza/gripe,1.1,FALSE,BR-MS,2021-03,2025-07-30 17:23
cha para gripe,Influenza/gripe,1,FALSE,BR-MS,2021-03,2025-07-30 17:23
gripe espanhola,Influenza/gripe,0.4,FALSE,BR-MS,2021-03,2025-07-30 17:23
gripe suina,Influenza/gripe,2,FALSE,BR-MT,2021-03,2025-07-30 17:23
gripe espanhola durou quanto tempo,Influenza/gripe,1.4,FALSE,BR-MT,2021-03,2025-07-30 17:23
remédio caseiro para gripe,Influenza/gripe,1981.5,TRUE,BR-PA,2021-03,2025-07-30 17:23
sintomas do covid,Influenza/gripe,1657.5,TRUE,BR-PA,2021-03,2025-07-30 17:23
sintomas de gripe e resfriado,Influenza/gripe,1332.5,TRUE,BR-PA,2021-03,2025-07-30 17:23
sivep gripe,Influenza/gripe,907.5,TRUE,BR-PA,2021-03,2025-07-30 17:23
remedio caseiro para gripe,Influenza/gripe,0.4,FALSE,BR-PA,2021-03,2025-07-30 17:23
peste negra,Influenza/gripe,2549.5,TRUE,BR-PB,2021-03,2025-07-30 17:23
quanto tempo durou a gripe espanhola,Influenza/gripe,1592,TRUE,BR-PB,2021-03,2025-07-30 17:23
cha para gripe,Influenza/gripe,0.9,FALSE,BR-PB,2021-03,2025-07-30 17:23
sivep gripe,Influenza/gripe,0.7,FALSE,BR-PB,2021-03,2025-07-30 17:23
gripe espanhola,Influenza/gripe,0.6,FALSE,BR-PB,2021-03,2025-07-30 17:23
sintomas de gripe comum,Influenza/gripe,989.5,TRUE,BR-PE,2021-03,2025-07-30 17:23
sintomas do covid 19,Influenza/gripe,897,TRUE,BR-PE,2021-03,2025-07-30 17:23
gripe espanhola sintomas,Influenza/gripe,857.5,TRUE,BR-PE,2021-03,2025-07-30 17:23
sivep gripe,Influenza/gripe,452.5,TRUE,BR-PE,2021-03,2025-07-30 17:23
gripe espanhola mortes,Influenza/gripe,4,FALSE,BR-PE,2021-03,2025-07-30 17:23
quanto tempo durou a gripe espanhola,Influenza/gripe,1.1,FALSE,BR-PE,2021-03,2025-07-30 17:23
sintomas da gripe,Influenza/gripe,1,FALSE,BR-PE,2021-03,2025-07-30 17:23
ano da gripe espanhola,Influenza/gripe,0.8,FALSE,BR-PE,2021-03,2025-07-30 17:23
gripe espanhola,Influenza/gripe,0.8,FALSE,BR-PE,2021-03,2025-07-30 17:23
peste negra,Influenza/gripe,0.7,FALSE,BR-PE,2021-03,2025-07-30 17:23
sintomas de gripe,Influenza/gripe,0.6,FALSE,BR-PI,2021-03,2025-07-30 17:23
sintomas do covid,Influenza/gripe,0.4,FALSE,BR-PI,2021-03,2025-07-30 17:23
quantas pessoas morreram de gripe espanhola,Influenza/gripe,1426,TRUE,BR-PR,2021-03,2025-07-30 17:23
quantas pessoas morreram na gripe espanhola,Influenza/gripe,840.5,TRUE,BR-PR,2021-03,2025-07-30 17:23
assinale a alternativa correta a respeito do parnasianismo?,Influenza/gripe,811,TRUE,BR-PR,2021-03,2025-07-30 17:23
quantas pessoas morreram de covid no mundo,Influenza/gripe,794,TRUE,BR-PR,2021-03,2025-07-30 17:23
peste negra mortes,Influenza/gripe,635.5,TRUE,BR-PR,2021-03,2025-07-30 17:23
gripe espanhola sintomas,Influenza/gripe,404.5,TRUE,BR-PR,2021-03,2025-07-30 17:23
gripe espanhola número de mortes,Influenza/gripe,383.5,TRUE,BR-PR,2021-03,2025-07-30 17:23
sivep gripe,Influenza/gripe,271.5,TRUE,BR-PR,2021-03,2025-07-30 17:23
agente etiológico da gripe,Influenza/gripe,261.5,TRUE,BR-PR,2021-03,2025-07-30 17:23
vacina gripe curitiba,Influenza/gripe,3.5,FALSE,BR-PR,2021-03,2025-07-30 17:23
mortes covid mundo,Influenza/gripe,3,FALSE,BR-PR,2021-03,2025-07-30 17:23
vacina da gripe 2021,Influenza/gripe,2.5,FALSE,BR-PR,2021-03,2025-07-30 17:23
gripe espanhola no brasil,Influenza/gripe,2.5,FALSE,BR-PR,2021-03,2025-07-30 17:23
pandemia gripe espanhola,Influenza/gripe,1.9,FALSE,BR-PR,2021-03,2025-07-30 17:23
gripe espanhola mortes,Influenza/gripe,1.3,FALSE,BR-PR,2021-03,2025-07-30 17:23
peste negra,Influenza/gripe,1.3,FALSE,BR-PR,2021-03,2025-07-30 17:23
vacina gripe,Influenza/gripe,1.2,FALSE,BR-PR,2021-03,2025-07-30 17:23
h1n1,Influenza/gripe,0.9,FALSE,BR-PR,2021-03,2025-07-30 17:23
vacina da gripe,Influenza/gripe,0.9,FALSE,BR-PR,2021-03,2025-07-30 17:23
gripe espanhola,Influenza/gripe,0.8,FALSE,BR-PR,2021-03,2025-07-30 17:23
gripe espanhola durou quanto tempo,Influenza/gripe,0.7,FALSE,BR-PR,2021-03,2025-07-30 17:23
quanto tempo durou a gripe espanhola,Influenza/gripe,0.7,FALSE,BR-PR,2021-03,2025-07-30 17:23
como acabou a gripe espanhola,Influenza/gripe,0.7,FALSE,BR-PR,2021-03,2025-07-30 17:23
gripe h1n1 mortes,Influenza/gripe,0.7,FALSE,BR-PR,2021-03,2025-07-30 17:23
gripe suina,Influenza/gripe,0.6,FALSE,BR-PR,2021-03,2025-07-30 17:23
vacina gripe 2021 rj,Influenza/gripe,1592.5,TRUE,BR-RJ,2021-03,2025-07-30 17:23
vacina da gripe 2021 rj,Influenza/gripe,906.5,TRUE,BR-RJ,2021-03,2025-07-30 17:23
gripado penso entre espirros em como a palavra gripe,Influenza/gripe,536.5,TRUE,BR-RJ,2021-03,2025-07-30 17:23
cultivar um estilo de vida saudável é extremamente importante para diminuir o risco de infarto,Influenza/gripe,532.5,TRUE,BR-RJ,2021-03,2025-07-30 17:23
decongex,Influenza/gripe,424,TRUE,BR-RJ,2021-03,2025-07-30 17:23
peste bubonica,Influenza/gripe,333.5,TRUE,BR-RJ,2021-03,2025-07-30 17:23
gripe suina no brasil,Influenza/gripe,301.5,TRUE,BR-RJ,2021-03,2025-07-30 17:23
quantos anos durou a gripe espanhola,Influenza/gripe,240.5,TRUE,BR-RJ,2021-03,2025-07-30 17:23
onde surgiu a gripe espanhola,Influenza/gripe,109,TRUE,BR-RJ,2021-03,2025-07-30 17:23
sintomas de gripe e resfriado,Influenza/gripe,2.5,FALSE,BR-RJ,2021-03,2025-07-30 17:23
vacina gripe 2021,Influenza/gripe,2,FALSE,BR-RJ,2021-03,2025-07-30 17:23
vacina da gripe 2021,Influenza/gripe,1.9,FALSE,BR-RJ,2021-03,2025-07-30 17:23
diferença covid e gripe,Influenza/gripe,0.7,FALSE,BR-RJ,2021-03,2025-07-30 17:23
remédio para gripe infantil,Influenza/gripe,0.6,FALSE,BR-RJ,2021-03,2025-07-30 17:23
vacina da gripe,Influenza/gripe,0.5,FALSE,BR-RJ,2021-03,2025-07-30 17:23
quanto tempo durou a gripe espanhola,Influenza/gripe,0.5,FALSE,BR-RJ,2021-03,2025-07-30 17:23
gripe espanhola mortes,Influenza/gripe,2939.5,TRUE,BR-RN,2021-03,2025-07-30 17:23
gripe espanhola sintomas,Influenza/gripe,1590.5,TRUE,BR-RN,2021-03,2025-07-30 17:23
gripe espanhola mortes,Influenza/gripe,7831,TRUE,BR-RO,2021-03,2025-07-30 17:23
quanto tempo durou a gripe espanhola,Influenza/gripe,1303.5,TRUE,BR-RO,2021-03,2025-07-30 17:23
gripe espanhola,Influenza/gripe,0.7,FALSE,BR-RO,2021-03,2025-07-30 17:23
,Influenza/gripe,,,BR-RR,2021-03,2025-07-30 17:23
vacina da gripe 2021,Influenza/gripe,2874,TRUE,BR-RS,2021-03,2025-07-30 17:23
mortes covid mundo,Influenza/gripe,1718.5,TRUE,BR-RS,2021-03,2025-07-30 17:23
vacina tetravalente,Influenza/gripe,1244,TRUE,BR-RS,2021-03,2025-07-30 17:23
vacina tetravalente gripe,Influenza/gripe,1033,TRUE,BR-RS,2021-03,2025-07-30 17:23
quantas pessoas morreram de covid no mundo,Influenza/gripe,702,TRUE,BR-RS,2021-03,2025-07-30 17:23
ano da gripe espanhola,Influenza/gripe,657,TRUE,BR-RS,2021-03,2025-07-30 17:23
diferença entre gripe e covid,Influenza/gripe,592,TRUE,BR-RS,2021-03,2025-07-30 17:23
gripe espanhola número de mortes,Influenza/gripe,557,TRUE,BR-RS,2021-03,2025-07-30 17:23
vacina influenza 2021,Influenza/gripe,459.5,TRUE,BR-RS,2021-03,2025-07-30 17:23
peste bubonica,Influenza/gripe,426.5,TRUE,BR-RS,2021-03,2025-07-30 17:23
vacina da gripe 2021 rs,Influenza/gripe,355.5,TRUE,BR-RS,2021-03,2025-07-30 17:23
vacina da gripe h1n1 2021,Influenza/gripe,339,TRUE,BR-RS,2021-03,2025-07-30 17:23
remedio para gripe forte,Influenza/gripe,301,TRUE,BR-RS,2021-03,2025-07-30 17:23
sintomas de gripe e resfriado,Influenza/gripe,257.5,TRUE,BR-RS,2021-03,2025-07-30 17:23
quantos anos durou a gripe espanhola no brasil,Influenza/gripe,197.5,TRUE,BR-RS,2021-03,2025-07-30 17:23
quantos anos durou a peste negra e a gripe espanhola,Influenza/gripe,149,TRUE,BR-RS,2021-03,2025-07-30 17:23
vacina gripe porto alegre,Influenza/gripe,8.5,FALSE,BR-RS,2021-03,2025-07-30 17:23
vacina gripe 2021,Influenza/gripe,4.5,FALSE,BR-RS,2021-03,2025-07-30 17:23
gripe suina,Influenza/gripe,4,FALSE,BR-RS,2021-03,2025-07-30 17:23
vacina gripe 2021 porto alegre,Influenza/gripe,3.5,FALSE,BR-RS,2021-03,2025-07-30 17:23
vacina gripe panvel,Influenza/gripe,3.5,FALSE,BR-RS,2021-03,2025-07-30 17:23
mortes gripe espanhola,Influenza/gripe,3.5,FALSE,BR-RS,2021-03,2025-07-30 17:23
gripe suína,Influenza/gripe,3,FALSE,BR-RS,2021-03,2025-07-30 17:23
vacina da gripe h1n1,Influenza/gripe,2.5,FALSE,BR-RS,2021-03,2025-07-30 17:23
gripe espanhola sintomas,Influenza/gripe,2.5,FALSE,BR-RS,2021-03,2025-07-30 17:23
gripe espanhola número de mortes,Influenza/gripe,793,TRUE,BR-SC,2021-03,2025-07-30 17:23
quantas pessoas morreram de covid no mundo,Influenza/gripe,557,TRUE,BR-SC,2021-03,2025-07-30 17:23
sivep gripe,Influenza/gripe,495.5,TRUE,BR-SC,2021-03,2025-07-30 17:23
a gripe espanhola,Influenza/gripe,1.7,FALSE,BR-SC,2021-03,2025-07-30 17:23
gripe espanhola durou quanto tempo,Influenza/gripe,1.2,FALSE,BR-SC,2021-03,2025-07-30 17:23
vacina gripe,Influenza/gripe,1.1,FALSE,BR-SC,2021-03,2025-07-30 17:23
gripe suina,Influenza/gripe,0.9,FALSE,BR-SC,2021-03,2025-07-30 17:23
quanto tempo durou a gripe espanhola,Influenza/gripe,0.9,FALSE,BR-SC,2021-03,2025-07-30 17:23
vacina da gripe,Influenza/gripe,0.7,FALSE,BR-SC,2021-03,2025-07-30 17:23
gripe espanhola,Influenza/gripe,0.6,FALSE,BR-SC,2021-03,2025-07-30 17:23
peste negra,Influenza/gripe,0.6,FALSE,BR-SC,2021-03,2025-07-30 17:23
gripe espanhola mortes,Influenza/gripe,3765.5,TRUE,BR-SE,2021-03,2025-07-30 17:23
peste negra,Influenza/gripe,2003,TRUE,BR-SE,2021-03,2025-07-30 17:23
pandemia no mundo,Influenza/gripe,545,TRUE,BR-SP,2021-03,2025-07-30 17:23
vacina tetravalente gripe,Influenza/gripe,374,TRUE,BR-SP,2021-03,2025-07-30 17:23
quantas pessoas morreram com a gripe espanhola,Influenza/gripe,330.5,TRUE,BR-SP,2021-03,2025-07-30 17:23
vacina da gripe preço,Influenza/gripe,301.5,TRUE,BR-SP,2021-03,2025-07-30 17:23
caasp vacina gripe 2021,Influenza/gripe,247.5,TRUE,BR-SP,2021-03,2025-07-30 17:23
vacinação contra a gripe,Influenza/gripe,224,TRUE,BR-SP,2021-03,2025-07-30 17:23
vacina da gripe h1n1 2021,Influenza/gripe,193,TRUE,BR-SP,2021-03,2025-07-30 17:23
gripe espanhola como foi controlada,Influenza/gripe,192,TRUE,BR-SP,2021-03,2025-07-30 17:23
quantos mortes gripe espanhola no mundo,Influenza/gripe,182.5,TRUE,BR-SP,2021-03,2025-07-30 17:23
vacina da gripe 2021 sus,Influenza/gripe,180.5,TRUE,BR-SP,2021-03,2025-07-30 17:23
como saber se é gripe ou covid,Influenza/gripe,171,TRUE,BR-SP,2021-03,2025-07-30 17:23
vacina da gripe eficácia,Influenza/gripe,163.5,TRUE,BR-SP,2021-03,2025-07-30 17:23
fleury,Influenza/gripe,156,TRUE,BR-SP,2021-03,2025-07-30 17:23
quantas pessoas ja morreram de covid no mundo,Influenza/gripe,144,TRUE,BR-SP,2021-03,2025-07-30 17:23
quantos anos durou a peste negra,Influenza/gripe,141.5,TRUE,BR-SP,2021-03,2025-07-30 17:23
chá de gengibre com limão para gripe,Influenza/gripe,137.5,TRUE,BR-SP,2021-03,2025-07-30 17:23
delboni vacinas,Influenza/gripe,126,TRUE,BR-SP,2021-03,2025-07-30 17:23
qual foi a cura da gripe espanhola,Influenza/gripe,117.5,TRUE,BR-SP,2021-03,2025-07-30 17:23
quando foi a gripe espanhola e quanto tempo durou,Influenza/gripe,116.5,TRUE,BR-SP,2021-03,2025-07-30 17:23
vacinação influenza 2021,Influenza/gripe,115,TRUE,BR-SP,2021-03,2025-07-30 17:23
total de mortes por covid no mundo,Influenza/gripe,101,TRUE,BR-SP,2021-03,2025-07-30 17:23
como foi controlada a gripe espanhola,Influenza/gripe,96.5,TRUE,BR-SP,2021-03,2025-07-30 17:23
gripe na gravidez o que tomar,Influenza/gripe,92.5,TRUE,BR-SP,2021-03,2025-07-30 17:23
pandemia da gripe espanhola em 1918,Influenza/gripe,76,TRUE,BR-SP,2021-03,2025-07-30 17:23
quantos anos durou a peste negra e a gripe espanhola,Influenza/gripe,66.5,TRUE,BR-SP,2021-03,2025-07-30 17:23
gripe espanhola,Influenza/gripe,0.8,FALSE,BR-TO,2021-03,2025-07-30 17:23
vacina gripe 2021 sus,Influenza/gripe,210,TRUE,BR,2021-03,2025-07-30 17:23
vacina da gripe h1n1 2021,Influenza/gripe,133,TRUE,BR,2021-03,2025-07-30 17:23
vacina da gripe 2021 sus,Influenza/gripe,114.5,TRUE,BR,2021-03,2025-07-30 17:23
como foi controlada a gripe espanhola,Influenza/gripe,73,TRUE,BR,2021-03,2025-07-30 17:23
como se denomina o tipo de vírus que ataca bactérias?,Influenza/gripe,68.5,TRUE,BR,2021-03,2025-07-30 17:23
remedios caseiros para gripe,Influenza/gripe,61,TRUE,BR,2021-03,2025-07-30 17:23
quantos anos durou a gripe espanhola no brasil,Influenza/gripe,54.5,TRUE,BR,2021-03,2025-07-30 17:23
melhor remédio para gripe e resfriado,Influenza/gripe,50,FALSE,BR,2021-03,2025-07-30 17:23
quantos anos durou a peste negra e a gripe espanhola,Influenza/gripe,47,FALSE,BR,2021-03,2025-07-30 17:23
sivep gripe.saude.gov.br/sivepgripe,Influenza/gripe,35.5,FALSE,BR,2021-03,2025-07-30 17:23
vacina tetravalente gripe,Influenza/gripe,10,FALSE,BR,2021-03,2025-07-30 17:23
vacinação influenza 2021,Influenza/gripe,6,FALSE,BR,2021-03,2025-07-30 17:23
vacina tetravalente,Influenza/gripe,6,FALSE,BR,2021-03,2025-07-30 17:23
vacina da gripe 2021 rj,Influenza/gripe,3.5,FALSE,BR,2021-03,2025-07-30 17:23
vacina influenza 2021,Influenza/gripe,3,FALSE,BR,2021-03,2025-07-30 17:23
quando foi a gripe espanhola e quanto tempo durou,Influenza/gripe,3,FALSE,BR,2021-03,2025-07-30 17:23
vacinacao gripe 2021,Influenza/gripe,3,FALSE,BR,2021-03,2025-07-30 17:23
vacina gripe 2021,Influenza/gripe,3,FALSE,BR,2021-03,2025-07-30 17:23
em que ano foi a gripe espanhola e quanto tempo durou,Influenza/gripe,2.5,FALSE,BR,2021-03,2025-07-30 17:23
numero de mortes covid mundo,Influenza/gripe,2.5,FALSE,BR,2021-03,2025-07-30 17:23
gripe espanhola mortes no brasil,Influenza/gripe,2.5,FALSE,BR,2021-03,2025-07-30 17:23
vacina da gripe 2021,Influenza/gripe,2,FALSE,BR,2021-03,2025-07-30 17:23
colera,Influenza/gripe,1.8,FALSE,BR,2021-03,2025-07-30 17:23
vacina da gripe e covid,Influenza/gripe,1.7,FALSE,BR,2021-03,2025-07-30 17:23
como terminou a gripe espanhola,Influenza/gripe,1.7,FALSE,BR,2021-03,2025-07-30 17:23
paulo gustavo covid,COVID-19,359.5,TRUE,BR-AC,2021-03,2025-07-30 17:23
gasometria covid,COVID-19,317.5,TRUE,BR-AC,2021-03,2025-07-30 17:23
mortes covid brasil,COVID-19,1.4,FALSE,BR-AC,2021-03,2025-07-30 17:23
sequelas do covid,COVID-19,1.2,FALSE,BR-AC,2021-03,2025-07-30 17:23
covid mundo,COVID-19,1,FALSE,BR-AC,2021-03,2025-07-30 17:23
covid brasil,COVID-19,0.9,FALSE,BR-AC,2021-03,2025-07-30 17:23
quais os sintomas do covid,COVID-19,0.8,FALSE,BR-AC,2021-03,2025-07-30 17:23
covid no brasil hoje,COVID-19,0.7,FALSE,BR-AC,2021-03,2025-07-30 17:23
boletim covid acre,COVID-19,0.6,FALSE,BR-AC,2021-03,2025-07-30 17:23
decreto acre covid 2021,COVID-19,0.5,FALSE,BR-AC,2021-03,2025-07-30 17:23
decreto alagoas covid 2021,COVID-19,315,TRUE,BR-AL,2021-03,2025-07-30 17:23
principais sintomas do covid,COVID-19,213.5,TRUE,BR-AL,2021-03,2025-07-30 17:23
fiocruz vacina,COVID-19,202,TRUE,BR-AL,2021-03,2025-07-30 17:23
fiocruz vacina covid,COVID-19,190.5,TRUE,BR-AL,2021-03,2025-07-30 17:23
vacinação covid arapiraca,COVID-19,180.5,TRUE,BR-AL,2021-03,2025-07-30 17:23
postos de vacinação covid em maceió,COVID-19,164,TRUE,BR-AL,2021-03,2025-07-30 17:23
quantas pessoas morreram de covid no mundo,COVID-19,144,TRUE,BR-AL,2021-03,2025-07-30 17:23
posto de vacinação covid maceio,COVID-19,144,TRUE,BR-AL,2021-03,2025-07-30 17:23
quais sao os sintomas do covid 19,COVID-19,141,TRUE,BR-AL,2021-03,2025-07-30 17:23
quantas mortes por covid no brasil,COVID-19,111.5,TRUE,BR-AL,2021-03,2025-07-30 17:23
prednisona covid,COVID-19,104,TRUE,BR-AL,2021-03,2025-07-30 17:23
famosos que morreram de covid,COVID-19,104,TRUE,BR-AL,2021-03,2025-07-30 17:23
nova zelandia covid,COVID-19,103.5,TRUE,BR-AL,2021-03,2025-07-30 17:23
pulmão com covid,COVID-19,99,TRUE,BR-AL,2021-03,2025-07-30 17:23
proxalutamida covid,COVID-19,96,TRUE,BR-AL,2021-03,2025-07-30 17:23
clexane,COVID-19,95.5,TRUE,BR-AL,2021-03,2025-07-30 17:23
comorbidades covid,COVID-19,82,TRUE,BR-AL,2021-03,2025-07-30 17:23
rt pcr para covid 19,COVID-19,76,TRUE,BR-AL,2021-03,2025-07-30 17:23
boca amarga pode ser covid,COVID-19,74.5,TRUE,BR-AL,2021-03,2025-07-30 17:23
com quantos dias aparecem os sintomas do covid-19,COVID-19,71,TRUE,BR-AL,2021-03,2025-07-30 17:23
sintomas de covid em bebe,COVID-19,68,TRUE,BR-AL,2021-03,2025-07-30 17:23
peste negra,COVID-19,68,TRUE,BR-AL,2021-03,2025-07-30 17:23
australia covid,COVID-19,182,TRUE,BR-AM,2021-03,2025-07-30 17:24
população do brasil,COVID-19,57,TRUE,BR-AM,2021-03,2025-07-30 17:24
paulo gustavo covid,COVID-19,12.5,FALSE,BR-AM,2021-03,2025-07-30 17:24
agendar vacina covid manaus,COVID-19,3.5,FALSE,BR-AM,2021-03,2025-07-30 17:24
mortes covid brasil hoje,COVID-19,3,FALSE,BR-AM,2021-03,2025-07-30 17:24
mortes covid brasil,COVID-19,3,FALSE,BR-AM,2021-03,2025-07-30 17:24
covid rio grande do sul,COVID-19,2.5,FALSE,BR-AM,2021-03,2025-07-30 17:24
vacina covid no mundo,COVID-19,2,FALSE,BR-AM,2021-03,2025-07-30 17:24
agendamento vacina covid manaus,COVID-19,2,FALSE,BR-AM,2021-03,2025-07-30 17:24
comorbidades covid,COVID-19,2,FALSE,BR-AM,2021-03,2025-07-30 17:24
agendamento vacina covid,COVID-19,1.6,FALSE,BR-AM,2021-03,2025-07-30 17:24
casos de covid no mundo,COVID-19,1.5,FALSE,BR-AM,2021-03,2025-07-30 17:24
cadastro vacina covid manaus,COVID-19,1.5,FALSE,BR-AM,2021-03,2025-07-30 17:24
quantas pessoas morreram de covid no brasil,COVID-19,1.3,FALSE,BR-AM,2021-03,2025-07-30 17:24
mortes covid mundo,COVID-19,1.3,FALSE,BR-AM,2021-03,2025-07-30 17:24
cadastro vacina covid,COVID-19,1.2,FALSE,BR-AM,2021-03,2025-07-30 17:24
mortes covid eua,COVID-19,1.2,FALSE,BR-AM,2021-03,2025-07-30 17:24
como esta a covid em manaus,COVID-19,1.2,FALSE,BR-AM,2021-03,2025-07-30 17:24
covid sao paulo,COVID-19,1.2,FALSE,BR-AM,2021-03,2025-07-30 17:24
fiocruz covid,COVID-19,1.2,FALSE,BR-AM,2021-03,2025-07-30 17:24
qual o sintoma do covid,COVID-19,1.1,FALSE,BR-AM,2021-03,2025-07-30 17:24
brasil covid,COVID-19,1.1,FALSE,BR-AM,2021-03,2025-07-30 17:24
cadastro para vacina covid manaus,COVID-19,1.1,FALSE,BR-AM,2021-03,2025-07-30 17:24
casos de covid no brasil,COVID-19,1,FALSE,BR-AM,2021-03,2025-07-30 17:24
covid estados brasileiros,COVID-19,1,FALSE,BR-AM,2021-03,2025-07-30 17:24
dexametasona,COVID-19,410,TRUE,BR-AP,2021-03,2025-07-30 17:24
india covid,COVID-19,297,TRUE,BR-AP,2021-03,2025-07-30 17:24
quais os sintomas do covid 19,COVID-19,0.9,FALSE,BR-AP,2021-03,2025-07-30 17:24
mortes covid brasil,COVID-19,0.6,FALSE,BR-AP,2021-03,2025-07-30 17:24
sao paulo covid,COVID-19,0.5,FALSE,BR-AP,2021-03,2025-07-30 17:24
filometro covid,COVID-19,344.5,TRUE,BR-BA,2021-03,2025-07-30 17:24
filometro covid salvador,COVID-19,267.5,TRUE,BR-BA,2021-03,2025-07-30 17:24
herzem gusmão covid,COVID-19,75.5,TRUE,BR-BA,2021-03,2025-07-30 17:24
sao pedro dos crentes covid,COVID-19,55.5,TRUE,BR-BA,2021-03,2025-07-30 17:24
quais sao os sintomas do covid 19,COVID-19,49,FALSE,BR-BA,2021-03,2025-07-30 17:24
paulo gustavo covid,COVID-19,35,FALSE,BR-BA,2021-03,2025-07-30 17:24
australia covid,COVID-19,5,FALSE,BR-BA,2021-03,2025-07-30 17:24
quantos mortos por covid no brasil,COVID-19,3.5,FALSE,BR-BA,2021-03,2025-07-30 17:24
kit covid,COVID-19,3,FALSE,BR-BA,2021-03,2025-07-30 17:24
numero de mortes covid brasil hoje,COVID-19,3,FALSE,BR-BA,2021-03,2025-07-30 17:24
onde fazer o teste rápido do covid em salvador gratuito 2021,COVID-19,2.5,FALSE,BR-BA,2021-03,2025-07-30 17:24
mortes covid brasil hoje,COVID-19,2.5,FALSE,BR-BA,2021-03,2025-07-30 17:24
mortes por covid hoje,COVID-19,2.5,FALSE,BR-BA,2021-03,2025-07-30 17:24
quantas mortes por covid no mundo,COVID-19,2.5,FALSE,BR-BA,2021-03,2025-07-30 17:24
covid mortes hoje,COVID-19,2.5,FALSE,BR-BA,2021-03,2025-07-30 17:24
spray nasal covid,COVID-19,2,FALSE,BR-BA,2021-03,2025-07-30 17:24
mortes de covid no brasil,COVID-19,2,FALSE,BR-BA,2021-03,2025-07-30 17:24
quantas pessoas morreram de covid no brasil,COVID-19,2,FALSE,BR-BA,2021-03,2025-07-30 17:24
morte covid brasil,COVID-19,2,FALSE,BR-BA,2021-03,2025-07-30 17:24
numero de mortes covid brasil,COVID-19,1.9,FALSE,BR-BA,2021-03,2025-07-30 17:24
mortes covid eua,COVID-19,1.9,FALSE,BR-BA,2021-03,2025-07-30 17:24
mortes covid brasil,COVID-19,1.8,FALSE,BR-BA,2021-03,2025-07-30 17:24
morte por covid no brasil,COVID-19,1.8,FALSE,BR-BA,2021-03,2025-07-30 17:24
número de mortes covid brasil,COVID-19,1.7,FALSE,BR-BA,2021-03,2025-07-30 17:24
quantas mortes por covid no brasil,COVID-19,1.7,FALSE,BR-BA,2021-03,2025-07-30 17:24
cadastro de vacinação covid,COVID-19,401,TRUE,BR-CE,2021-03,2025-07-30 17:24
paulo gustavo covid,COVID-19,219.5,TRUE,BR-CE,2021-03,2025-07-30 17:24
vacinação covid saude ce gov br,COVID-19,211.5,TRUE,BR-CE,2021-03,2025-07-30 17:24
saude.gov.br vacinação covid,COVID-19,80,TRUE,BR-CE,2021-03,2025-07-30 17:24
grupos prioritarios vacina covid,COVID-19,58,TRUE,BR-CE,2021-03,2025-07-30 17:24
vacinação covid.saude.ce.gov.br,COVID-19,51.5,TRUE,BR-CE,2021-03,2025-07-30 17:24
vacinometro covid tempo real,COVID-19,38,FALSE,BR-CE,2021-03,2025-07-30 17:24
cadastro vacina covid ceara,COVID-19,7,FALSE,BR-CE,2021-03,2025-07-30 17:24
comorbidade covid,COVID-19,7,FALSE,BR-CE,2021-03,2025-07-30 17:24
vacinação covid ceará,COVID-19,5.5,FALSE,BR-CE,2021-03,2025-07-30 17:24
cadastro da vacina covid,COVID-19,4.5,FALSE,BR-CE,2021-03,2025-07-30 17:24
cadastro vacina covid,COVID-19,4.5,FALSE,BR-CE,2021-03,2025-07-30 17:24
australia covid,COVID-19,3.5,FALSE,BR-CE,2021-03,2025-07-30 17:24
vacinação covid ceara,COVID-19,3,FALSE,BR-CE,2021-03,2025-07-30 17:24
quantas pessoas morreram de covid no brasil,COVID-19,3,FALSE,BR-CE,2021-03,2025-07-30 17:24
https digital saúde ce gov br resultado exame covid,COVID-19,3,FALSE,BR-CE,2021-03,2025-07-30 17:24
cadastro para vacina covid,COVID-19,3,FALSE,BR-CE,2021-03,2025-07-30 17:24
morte covid brasil,COVID-19,3,FALSE,BR-CE,2021-03,2025-07-30 17:24
cadastro para vacina covid fortaleza,COVID-19,2.5,FALSE,BR-CE,2021-03,2025-07-30 17:24
cadastro para vacina covid ceara,COVID-19,2.5,FALSE,BR-CE,2021-03,2025-07-30 17:24
cadastro vacina covid fortaleza,COVID-19,2.5,FALSE,BR-CE,2021-03,2025-07-30 17:24
com quantos dias aparecem os sintomas do covid-19,COVID-19,2,FALSE,BR-CE,2021-03,2025-07-30 17:24
calendario de vacinação covid,COVID-19,1.8,FALSE,BR-CE,2021-03,2025-07-30 17:24
quanto tempo dura os sintomas do covid,COVID-19,1.8,FALSE,BR-CE,2021-03,2025-07-30 17:24
mortes covid brasil hoje,COVID-19,1.8,FALSE,BR-CE,2021-03,2025-07-30 17:24
paulo gustavo covid,COVID-19,556.5,TRUE,BR-DF,2021-03,2025-07-30 17:24
quantas pessoas morreram de covid no brasil,COVID-19,135.5,TRUE,BR-DF,2021-03,2025-07-30 17:24
taxa de transmissão covid df,COVID-19,121,TRUE,BR-DF,2021-03,2025-07-30 17:24
proxalutamida covid,COVID-19,83.5,TRUE,BR-DF,2021-03,2025-07-30 17:24
flutamida covid,COVID-19,70.5,TRUE,BR-DF,2021-03,2025-07-30 17:24
teste rápido covid brasília,COVID-19,68.5,TRUE,BR-DF,2021-03,2025-07-30 17:24
tempo de transmissão do covid,COVID-19,64.5,TRUE,BR-DF,2021-03,2025-07-30 17:24
quais os sintomas da covid-19,COVID-19,64.5,TRUE,BR-DF,2021-03,2025-07-30 17:24
total de mortes por covid no mundo,COVID-19,48.5,FALSE,BR-DF,2021-03,2025-07-30 17:24
tosse com catarro pode ser covid,COVID-19,47.5,FALSE,BR-DF,2021-03,2025-07-30 17:24
igm positivo para covid,COVID-19,34,FALSE,BR-DF,2021-03,2025-07-30 17:24
triplice viral covid,COVID-19,2.5,FALSE,BR-DF,2021-03,2025-07-30 17:24
covid mortes hoje,COVID-19,1.9,FALSE,BR-DF,2021-03,2025-07-30 17:24
numero de mortes covid brasil,COVID-19,1.8,FALSE,BR-DF,2021-03,2025-07-30 17:24
tratamento precoce covid,COVID-19,1.8,FALSE,BR-DF,2021-03,2025-07-30 17:24
mortos covid brasil,COVID-19,1.7,FALSE,BR-DF,2021-03,2025-07-30 17:24
vacinacao covid mundo,COVID-19,1.6,FALSE,BR-DF,2021-03,2025-07-30 17:24
mortes covid brasil hoje,COVID-19,1.5,FALSE,BR-DF,2021-03,2025-07-30 17:24
numero de mortes covid,COVID-19,1.4,FALSE,BR-DF,2021-03,2025-07-30 17:24
ranking covid mundo,COVID-19,1.4,FALSE,BR-DF,2021-03,2025-07-30 17:24
dor de ouvido covid,COVID-19,1.4,FALSE,BR-DF,2021-03,2025-07-30 17:24
quantas pessoas morreram de covid no mundo,COVID-19,1.3,FALSE,BR-DF,2021-03,2025-07-30 17:24
comorbidades covid,COVID-19,1.2,FALSE,BR-DF,2021-03,2025-07-30 17:24
mortes por covid no brasil hoje,COVID-19,1.1,FALSE,BR-DF,2021-03,2025-07-30 17:24
mortes covid brasil,COVID-19,1,FALSE,BR-DF,2021-03,2025-07-30 17:24
paulo gustavo covid,COVID-19,566,TRUE,BR-ES,2021-03,2025-07-30 17:24
número de mortes covid brasil,COVID-19,171,TRUE,BR-ES,2021-03,2025-07-30 17:24
uti covid es,COVID-19,166,TRUE,BR-ES,2021-03,2025-07-30 17:24
agendamento vacinação covid serra es,COVID-19,109,TRUE,BR-ES,2021-03,2025-07-30 17:24
painel covid es leitos,COVID-19,97,TRUE,BR-ES,2021-03,2025-07-30 17:24
prefeitura de cariacica agendamento vacina covid 19,COVID-19,96,TRUE,BR-ES,2021-03,2025-07-30 17:24
numero de mortos por covid no brasil,COVID-19,85,TRUE,BR-ES,2021-03,2025-07-30 17:24
diarreia é sintoma de covid,COVID-19,60,TRUE,BR-ES,2021-03,2025-07-30 17:24
novas medidas covid es,COVID-19,60,TRUE,BR-ES,2021-03,2025-07-30 17:24
primeiro sintomas de covid,COVID-19,58.5,TRUE,BR-ES,2021-03,2025-07-30 17:24
com quantos dias aparecem os sintomas do covid-19,COVID-19,50.5,TRUE,BR-ES,2021-03,2025-07-30 17:24
quanto tempo o virus do covid fica na roupa,COVID-19,30,FALSE,BR-ES,2021-03,2025-07-30 17:24
prefeitura de vila velha agendamento covid,COVID-19,14,FALSE,BR-ES,2021-03,2025-07-30 17:24
leitos covid es,COVID-19,8.5,FALSE,BR-ES,2021-03,2025-07-30 17:24
variante covid es,COVID-19,5,FALSE,BR-ES,2021-03,2025-07-30 17:24
prefeitura de vila velha agendamento vacina covid,COVID-19,3.5,FALSE,BR-ES,2021-03,2025-07-30 17:24
pmvv agendamento covid,COVID-19,2.5,FALSE,BR-ES,2021-03,2025-07-30 17:24
agendamento vacina covid serra,COVID-19,2.5,FALSE,BR-ES,2021-03,2025-07-30 17:24
agendamento vacina covid vitória es,COVID-19,2.5,FALSE,BR-ES,2021-03,2025-07-30 17:24
covid mortes hoje,COVID-19,2.5,FALSE,BR-ES,2021-03,2025-07-30 17:24
mortes por covid hoje brasil,COVID-19,2.5,FALSE,BR-ES,2021-03,2025-07-30 17:24
pmvv agendamento vacina covid,COVID-19,2,FALSE,BR-ES,2021-03,2025-07-30 17:24
agendar vacina covid serra es,COVID-19,2,FALSE,BR-ES,2021-03,2025-07-30 17:24
agendamento serra covid,COVID-19,1.9,FALSE,BR-ES,2021-03,2025-07-30 17:24
vacina covid cariacica agendamento,COVID-19,1.9,FALSE,BR-ES,2021-03,2025-07-30 17:24
labsaudeonline.com.br covid resultado,COVID-19,368.5,TRUE,BR-GO,2021-03,2025-07-30 17:24
resultados.labsaudeonline.com.br covid,COVID-19,205,TRUE,BR-GO,2021-03,2025-07-30 17:24
proxalutamida covid,COVID-19,133.5,TRUE,BR-GO,2021-03,2025-07-30 17:24
flutamida covid,COVID-19,111.5,TRUE,BR-GO,2021-03,2025-07-30 17:24
labsaudeonline.com.br covid,COVID-19,70.5,TRUE,BR-GO,2021-03,2025-07-30 17:24
numero de mortes covid brasil hoje,COVID-19,68.5,TRUE,BR-GO,2021-03,2025-07-30 17:24
bing covid,COVID-19,59,TRUE,BR-GO,2021-03,2025-07-30 17:24
teste covid goiânia gratuito 2021,COVID-19,58.5,TRUE,BR-GO,2021-03,2025-07-30 17:24
labsaudeonline.com.br covid 19,COVID-19,56,TRUE,BR-GO,2021-03,2025-07-30 17:24
paulo gustavo covid,COVID-19,12.5,FALSE,BR-GO,2021-03,2025-07-30 17:24
vni covid,COVID-19,4.5,FALSE,BR-GO,2021-03,2025-07-30 17:24
agendamento vacina covid goiania,COVID-19,3,FALSE,BR-GO,2021-03,2025-07-30 17:24
dor nas pernas covid,COVID-19,3,FALSE,BR-GO,2021-03,2025-07-30 17:24
australia covid,COVID-19,3,FALSE,BR-GO,2021-03,2025-07-30 17:24
mortes covid brasil hoje,COVID-19,2.5,FALSE,BR-GO,2021-03,2025-07-30 17:24
numeros da covid no brasil,COVID-19,2.5,FALSE,BR-GO,2021-03,2025-07-30 17:24
agendamento vacina covid aparecida de goiania,COVID-19,2.5,FALSE,BR-GO,2021-03,2025-07-30 17:24
nitazoxanida covid,COVID-19,2.5,FALSE,BR-GO,2021-03,2025-07-30 17:24
labsaudeonline.com.br covid resultado de exame,COVID-19,2.5,FALSE,BR-GO,2021-03,2025-07-30 17:24
com quantos dias aparecem os sintomas do covid-19,COVID-19,2.5,FALSE,BR-GO,2021-03,2025-07-30 17:24
covid mortes hoje,COVID-19,2,FALSE,BR-GO,2021-03,2025-07-30 17:24
numero de mortes covid brasil,COVID-19,1.9,FALSE,BR-GO,2021-03,2025-07-30 17:24
nova zelandia covid,COVID-19,1.9,FALSE,BR-GO,2021-03,2025-07-30 17:24
agendamento vacina covid,COVID-19,1.8,FALSE,BR-GO,2021-03,2025-07-30 17:24
morte covid brasil,COVID-19,1.7,FALSE,BR-GO,2021-03,2025-07-30 17:24
mortes covid 24 horas,COVID-19,330,TRUE,BR-MA,2021-03,2025-07-30 17:24
numero de mortes covid brasil,COVID-19,307,TRUE,BR-MA,2021-03,2025-07-30 17:24
tratamento precoce covid,COVID-19,224,TRUE,BR-MA,2021-03,2025-07-30 17:24
ministério da saúde covid,COVID-19,200,TRUE,BR-MA,2021-03,2025-07-30 17:24
calendario vacinacao covid sao luis,COVID-19,189.5,TRUE,BR-MA,2021-03,2025-07-30 17:24
teste de sangue covid,COVID-19,158.5,TRUE,BR-MA,2021-03,2025-07-30 17:24
sao pedro dos crentes covid,COVID-19,147,TRUE,BR-MA,2021-03,2025-07-30 17:24
quanto tempo dura os sintomas do covid,COVID-19,97,TRUE,BR-MA,2021-03,2025-07-30 17:24
numero de mortes covid mundo,COVID-19,92.5,TRUE,BR-MA,2021-03,2025-07-30 17:24
proxalutamida covid,COVID-19,89,TRUE,BR-MA,2021-03,2025-07-30 17:24
igg reagente para covid,COVID-19,88,TRUE,BR-MA,2021-03,2025-07-30 17:24
geraldo luis covid,COVID-19,88,TRUE,BR-MA,2021-03,2025-07-30 17:24
dor nas costas pode ser covid,COVID-19,79,TRUE,BR-MA,2021-03,2025-07-30 17:24
obitos covid brasil,COVID-19,77.5,TRUE,BR-MA,2021-03,2025-07-30 17:24
primeiro sintomas de covid,COVID-19,76.5,TRUE,BR-MA,2021-03,2025-07-30 17:24
agendar vacina covid sao luis,COVID-19,75.5,TRUE,BR-MA,2021-03,2025-07-30 17:24
número de mortes covid brasil hoje,COVID-19,69,TRUE,BR-MA,2021-03,2025-07-30 17:24
dores nas costas pode ser covid,COVID-19,48.5,FALSE,BR-MA,2021-03,2025-07-30 17:24
boletim covid 19 maranhão,COVID-19,39,FALSE,BR-MA,2021-03,2025-07-30 17:24
total de mortes por covid no mundo,COVID-19,36,FALSE,BR-MA,2021-03,2025-07-30 17:24
sequelas pos covid,COVID-19,31,FALSE,BR-MA,2021-03,2025-07-30 17:24
remdesivir,COVID-19,18.5,FALSE,BR-MA,2021-03,2025-07-30 17:24
covid mortes hoje,COVID-19,9,FALSE,BR-MA,2021-03,2025-07-30 17:24
mortes covid brasil hoje,COVID-19,8.5,FALSE,BR-MA,2021-03,2025-07-30 17:24
paulo gustavo covid,COVID-19,6,FALSE,BR-MA,2021-03,2025-07-30 17:24
onda roxa covid,COVID-19,681,TRUE,BR-MG,2021-03,2025-07-30 17:24
paulo gustavo covid,COVID-19,529,TRUE,BR-MG,2021-03,2025-07-30 17:24
onda roxa covid mg,COVID-19,134,TRUE,BR-MG,2021-03,2025-07-30 17:24
agendamento vacina covid uberlândia,COVID-19,62,TRUE,BR-MG,2021-03,2025-07-30 17:24
pbh gov br vacinação covid-19,COVID-19,27.5,FALSE,BR-MG,2021-03,2025-07-30 17:24
sao lourenço covid,COVID-19,8.5,FALSE,BR-MG,2021-03,2025-07-30 17:24
onda preta covid,COVID-19,8.5,FALSE,BR-MG,2021-03,2025-07-30 17:24
covid em sao lourenço mg,COVID-19,5,FALSE,BR-MG,2021-03,2025-07-30 17:24
famosos que morreram de covid,COVID-19,5,FALSE,BR-MG,2021-03,2025-07-30 17:24
são lourenço mg covid,COVID-19,4.5,FALSE,BR-MG,2021-03,2025-07-30 17:24
quantas pessoas morreram de covid no brasil hoje,COVID-19,4,FALSE,BR-MG,2021-03,2025-07-30 17:24
mortes covid brasil hoje,COVID-19,2,FALSE,BR-MG,2021-03,2025-07-30 17:24
covid australia,COVID-19,2,FALSE,BR-MG,2021-03,2025-07-30 17:24
quantas pessoas morreram de covid no brasil,COVID-19,2,FALSE,BR-MG,2021-03,2025-07-30 17:24
morte covid brasil,COVID-19,1.9,FALSE,BR-MG,2021-03,2025-07-30 17:24
número de mortes covid brasil hoje,COVID-19,1.9,FALSE,BR-MG,2021-03,2025-07-30 17:24
numero de mortes covid brasil hoje,COVID-19,1.8,FALSE,BR-MG,2021-03,2025-07-30 17:24
numero de mortes covid brasil,COVID-19,1.8,FALSE,BR-MG,2021-03,2025-07-30 17:24
tratamento precoce covid,COVID-19,1.6,FALSE,BR-MG,2021-03,2025-07-30 17:24
mortes covid brasil,COVID-19,1.5,FALSE,BR-MG,2021-03,2025-07-30 17:24
kit covid,COVID-19,1.5,FALSE,BR-MG,2021-03,2025-07-30 17:24
mortes por covid hoje,COVID-19,1.5,FALSE,BR-MG,2021-03,2025-07-30 17:24
covid mortes hoje,COVID-19,1.5,FALSE,BR-MG,2021-03,2025-07-30 17:24
nitazoxanida covid,COVID-19,1.4,FALSE,BR-MG,2021-03,2025-07-30 17:24
mortes covid brasil 24 horas,COVID-19,1.3,FALSE,BR-MG,2021-03,2025-07-30 17:24
paulo gustavo covid,COVID-19,484,TRUE,BR-MS,2021-03,2025-07-30 17:24
decreto ms covid 2021,COVID-19,419.5,TRUE,BR-MS,2021-03,2025-07-30 17:24
decreto covid campo grande ms,COVID-19,360,TRUE,BR-MS,2021-03,2025-07-30 17:24
covid maracaju,COVID-19,243.5,TRUE,BR-MS,2021-03,2025-07-30 17:24
australia covid,COVID-19,192,TRUE,BR-MS,2021-03,2025-07-30 17:24
decreto estadual ms covid 2021,COVID-19,191,TRUE,BR-MS,2021-03,2025-07-30 17:24
casos de covid em campo grande ms,COVID-19,155,TRUE,BR-MS,2021-03,2025-07-30 17:24
quantas pessoas morreram de covid no brasil,COVID-19,145,TRUE,BR-MS,2021-03,2025-07-30 17:24
quais os sintomas da covid-19,COVID-19,142,TRUE,BR-MS,2021-03,2025-07-30 17:24
prednisona covid,COVID-19,130.5,TRUE,BR-MS,2021-03,2025-07-30 17:24
covid-19 brasil hoje,COVID-19,117.5,TRUE,BR-MS,2021-03,2025-07-30 17:24
cronograma vacina covid campo grande ms,COVID-19,114.5,TRUE,BR-MS,2021-03,2025-07-30 17:24
flutamida covid,COVID-19,98.5,TRUE,BR-MS,2021-03,2025-07-30 17:24
quantos dias demora para aparecer os sintomas do covid 19,COVID-19,89.5,TRUE,BR-MS,2021-03,2025-07-30 17:24
rancho queimado covid,COVID-19,83.5,TRUE,BR-MS,2021-03,2025-07-30 17:24
farmacia que faz teste covid campo grande ms,COVID-19,75,TRUE,BR-MS,2021-03,2025-07-30 17:24
reacao vacina covid,COVID-19,49.5,FALSE,BR-MS,2021-03,2025-07-30 17:24
com quantos dias aparecem os sintomas do covid-19,COVID-19,45,FALSE,BR-MS,2021-03,2025-07-30 17:24
saturação normal covid,COVID-19,38.5,FALSE,BR-MS,2021-03,2025-07-30 17:24
igg positivo para covid,COVID-19,25,FALSE,BR-MS,2021-03,2025-07-30 17:24
mortes covid brasil hoje,COVID-19,7,FALSE,BR-MS,2021-03,2025-07-30 17:24
decreto estadual ms covid,COVID-19,5,FALSE,BR-MS,2021-03,2025-07-30 17:24
decreto ms covid,COVID-19,4.5,FALSE,BR-MS,2021-03,2025-07-30 17:24
decreto mato grosso covid,COVID-19,792,TRUE,BR-MT,2021-03,2025-07-30 17:24
decreto mato grosso covid 2021,COVID-19,322.5,TRUE,BR-MT,2021-03,2025-07-30 17:24
covid na china,COVID-19,320.5,TRUE,BR-MT,2021-03,2025-07-30 17:24
paulo gustavo covid,COVID-19,302.5,TRUE,BR-MT,2021-03,2025-07-30 17:24
decreto estadual mt covid 2021,COVID-19,228,TRUE,BR-MT,2021-03,2025-07-30 17:24
actemra covid,COVID-19,212,TRUE,BR-MT,2021-03,2025-07-30 17:24
flutamida covid,COVID-19,133.5,TRUE,BR-MT,2021-03,2025-07-30 17:24
quantas pessoas morreram de covid no brasil,COVID-19,132.5,TRUE,BR-MT,2021-03,2025-07-30 17:24
decreto varzea grande covid,COVID-19,130.5,TRUE,BR-MT,2021-03,2025-07-30 17:24
numero de mortes covid mundo,COVID-19,108.5,TRUE,BR-MT,2021-03,2025-07-30 17:24
nitazoxanida covid,COVID-19,107,TRUE,BR-MT,2021-03,2025-07-30 17:24
covid na italia,COVID-19,102.5,TRUE,BR-MT,2021-03,2025-07-30 17:24
proxalutamida covid,COVID-19,93,TRUE,BR-MT,2021-03,2025-07-30 17:24
sintomas da covid 19 leves,COVID-19,92,TRUE,BR-MT,2021-03,2025-07-30 17:24
quantas mortes por covid no mundo,COVID-19,66.5,TRUE,BR-MT,2021-03,2025-07-30 17:24
tocilizumabe para covid,COVID-19,62,TRUE,BR-MT,2021-03,2025-07-30 17:24
missao covid,COVID-19,41,FALSE,BR-MT,2021-03,2025-07-30 17:24
ecmo covid,COVID-19,41,FALSE,BR-MT,2021-03,2025-07-30 17:24
tempo de transmissão do covid,COVID-19,35.5,FALSE,BR-MT,2021-03,2025-07-30 17:24
decreto do estado de mato grosso covid 19,COVID-19,32,FALSE,BR-MT,2021-03,2025-07-30 17:24
tosse com catarro pode ser covid,COVID-19,30,FALSE,BR-MT,2021-03,2025-07-30 17:24
mortes covid brasil hoje,COVID-19,11,FALSE,BR-MT,2021-03,2025-07-30 17:24
decreto covid mt 2021,COVID-19,10,FALSE,BR-MT,2021-03,2025-07-30 17:24
decreto mt covid,COVID-19,7.5,FALSE,BR-MT,2021-03,2025-07-30 17:24
decreto estadual mt covid,COVID-19,6.5,FALSE,BR-MT,2021-03,2025-07-30 17:24
paulo gustavo covid,COVID-19,344,TRUE,BR-PA,2021-03,2025-07-30 17:24
proxalutamida covid,COVID-19,145.5,TRUE,BR-PA,2021-03,2025-07-30 17:24
quantas mortes por covid no brasil,COVID-19,130.5,TRUE,BR-PA,2021-03,2025-07-30 17:24
azitromicina para que serve,COVID-19,124.5,TRUE,BR-PA,2021-03,2025-07-30 17:24
calendário de vacinação covid ananindeua,COVID-19,121.5,TRUE,BR-PA,2021-03,2025-07-30 17:24
morte por covid no brasil,COVID-19,118,TRUE,BR-PA,2021-03,2025-07-30 17:24
famosos que morreram de covid,COVID-19,91,TRUE,BR-PA,2021-03,2025-07-30 17:24
nova zelandia covid,COVID-19,85.5,TRUE,BR-PA,2021-03,2025-07-30 17:24
ate quantos dias o covid transmite,COVID-19,78.5,TRUE,BR-PA,2021-03,2025-07-30 17:24
quantos mortos por covid no brasil,COVID-19,76.5,TRUE,BR-PA,2021-03,2025-07-30 17:24
reações da vacina covid,COVID-19,75.5,TRUE,BR-PA,2021-03,2025-07-30 17:24
dímero d covid,COVID-19,68,TRUE,BR-PA,2021-03,2025-07-30 17:24
vni covid,COVID-19,63,TRUE,BR-PA,2021-03,2025-07-30 17:24
proteina c reativa,COVID-19,63,TRUE,BR-PA,2021-03,2025-07-30 17:24
quanto tempo dura os sintomas do covid,COVID-19,62,TRUE,BR-PA,2021-03,2025-07-30 17:24
covid bing,COVID-19,60,TRUE,BR-PA,2021-03,2025-07-30 17:24
levofloxacino covid,COVID-19,53.5,TRUE,BR-PA,2021-03,2025-07-30 17:24
com quantos dias aparecem os sintomas do covid-19,COVID-19,53,TRUE,BR-PA,2021-03,2025-07-30 17:24
boca amarga pode ser covid,COVID-19,34,FALSE,BR-PA,2021-03,2025-07-30 17:24
mortes covid brasil hoje,COVID-19,4,FALSE,BR-PA,2021-03,2025-07-30 17:24
mortos por covid no brasil,COVID-19,4,FALSE,BR-PA,2021-03,2025-07-30 17:24
mortes covid brasil 24 horas,COVID-19,3.5,FALSE,BR-PA,2021-03,2025-07-30 17:24
fiocruz vacina covid,COVID-19,3.5,FALSE,BR-PA,2021-03,2025-07-30 17:24
quantas pessoas morreram de covid no brasil,COVID-19,3,FALSE,BR-PA,2021-03,2025-07-30 17:24
kit covid,COVID-19,2.5,FALSE,BR-PA,2021-03,2025-07-30 17:24
paulo gustavo covid,COVID-19,353.5,TRUE,BR-PB,2021-03,2025-07-30 17:24
calendario de vacinação covid,COVID-19,226.5,TRUE,BR-PB,2021-03,2025-07-30 17:24
morte por covid no brasil,COVID-19,206,TRUE,BR-PB,2021-03,2025-07-30 17:24
locais de vacinação em joão pessoa,COVID-19,190,TRUE,BR-PB,2021-03,2025-07-30 17:24
sintomas iniciais covid,COVID-19,144,TRUE,BR-PB,2021-03,2025-07-30 17:24
prednisona covid,COVID-19,117,TRUE,BR-PB,2021-03,2025-07-30 17:24
primeiros sintomas de covid 19,COVID-19,90.5,TRUE,BR-PB,2021-03,2025-07-30 17:24
pigarro na garganta covid,COVID-19,84,TRUE,BR-PB,2021-03,2025-07-30 17:24
swab covid quantos dias,COVID-19,81,TRUE,BR-PB,2021-03,2025-07-30 17:24
proxalutamida covid,COVID-19,79.5,TRUE,BR-PB,2021-03,2025-07-30 17:24
reações da vacina covid,COVID-19,72.5,TRUE,BR-PB,2021-03,2025-07-30 17:24
agendamento vacina covid campina grande,COVID-19,71.5,TRUE,BR-PB,2021-03,2025-07-30 17:24
paises com mais mortes por covid,COVID-19,71,TRUE,BR-PB,2021-03,2025-07-30 17:24
sintomas de covid em crianças,COVID-19,67.5,TRUE,BR-PB,2021-03,2025-07-30 17:24
numero de mortos por covid no brasil,COVID-19,66,TRUE,BR-PB,2021-03,2025-07-30 17:24
quantos mortos por covid no brasil,COVID-19,64,TRUE,BR-PB,2021-03,2025-07-30 17:24
decreto municipal campina grande covid,COVID-19,52,TRUE,BR-PB,2021-03,2025-07-30 17:24
com quantos dias aparecem os sintomas do covid-19,COVID-19,44,FALSE,BR-PB,2021-03,2025-07-30 17:24
quais são os sintomas mais comuns do covid-19,COVID-19,38,FALSE,BR-PB,2021-03,2025-07-30 17:24
decreto campina grande covid,COVID-19,5,FALSE,BR-PB,2021-03,2025-07-30 17:24
locais de vacinação covid em joão pessoa,COVID-19,5,FALSE,BR-PB,2021-03,2025-07-30 17:24
australia covid,COVID-19,4,FALSE,BR-PB,2021-03,2025-07-30 17:24
kit covid,COVID-19,4,FALSE,BR-PB,2021-03,2025-07-30 17:24
como saber se estou com covid,COVID-19,4,FALSE,BR-PB,2021-03,2025-07-30 17:24
mortes covid paraiba,COVID-19,3.5,FALSE,BR-PB,2021-03,2025-07-30 17:24
numeros da covid no brasil,COVID-19,80.5,TRUE,BR-PE,2021-03,2025-07-30 17:24
agnaldo timóteo covid,COVID-19,79,TRUE,BR-PE,2021-03,2025-07-30 17:24
vni covid,COVID-19,74.5,TRUE,BR-PE,2021-03,2025-07-30 17:24
reações da vacina covid,COVID-19,71.5,TRUE,BR-PE,2021-03,2025-07-30 17:24
proxalutamida covid,COVID-19,62.5,TRUE,BR-PE,2021-03,2025-07-30 17:24
agendamento vacina covid caruaru,COVID-19,58.5,TRUE,BR-PE,2021-03,2025-07-30 17:24
sao pedro dos crentes covid,COVID-19,52,TRUE,BR-PE,2021-03,2025-07-30 17:24
total de mortes por covid no mundo,COVID-19,43,FALSE,BR-PE,2021-03,2025-07-30 17:24
sipni covid,COVID-19,32,FALSE,BR-PE,2021-03,2025-07-30 17:24
paulo gustavo covid,COVID-19,12.5,FALSE,BR-PE,2021-03,2025-07-30 17:24
quantas pessoas morreram de covid no brasil,COVID-19,6,FALSE,BR-PE,2021-03,2025-07-30 17:24
kit covid,COVID-19,4.5,FALSE,BR-PE,2021-03,2025-07-30 17:24
numero de mortes covid brasil,COVID-19,4,FALSE,BR-PE,2021-03,2025-07-30 17:24
meu exame covid,COVID-19,4,FALSE,BR-PE,2021-03,2025-07-30 17:24
numero de mortes covid brasil hoje,COVID-19,4,FALSE,BR-PE,2021-03,2025-07-30 17:24
mortes por covid hoje,COVID-19,3.5,FALSE,BR-PE,2021-03,2025-07-30 17:24
mortes covid brasil hoje,COVID-19,3,FALSE,BR-PE,2021-03,2025-07-30 17:24
covid mortes hoje,COVID-19,3,FALSE,BR-PE,2021-03,2025-07-30 17:24
meu exame de covid,COVID-19,2.5,FALSE,BR-PE,2021-03,2025-07-30 17:24
morte por covid no brasil,COVID-19,2,FALSE,BR-PE,2021-03,2025-07-30 17:24
mortes por covid no brasil hoje,COVID-19,2,FALSE,BR-PE,2021-03,2025-07-30 17:24
policlínica waldemar de oliveira,COVID-19,2,FALSE,BR-PE,2021-03,2025-07-30 17:24
numeros covid brasil,COVID-19,1.9,FALSE,BR-PE,2021-03,2025-07-30 17:24
mortes covid brasil,COVID-19,1.5,FALSE,BR-PE,2021-03,2025-07-30 17:24
saturação covid,COVID-19,1.5,FALSE,BR-PE,2021-03,2025-07-30 17:24
paulo gustavo covid,COVID-19,321,TRUE,BR-PI,2021-03,2025-07-30 17:24
mortes por covid no brasil hoje,COVID-19,298,TRUE,BR-PI,2021-03,2025-07-30 17:24
agendamento vacina covid,COVID-19,295.5,TRUE,BR-PI,2021-03,2025-07-30 17:24
kit covid,COVID-19,258.5,TRUE,BR-PI,2021-03,2025-07-30 17:24
morte por covid no brasil,COVID-19,222,TRUE,BR-PI,2021-03,2025-07-30 17:24
nariz entupido covid,COVID-19,206.5,TRUE,BR-PI,2021-03,2025-07-30 17:24
teste de covid farmacia,COVID-19,202,TRUE,BR-PI,2021-03,2025-07-30 17:24
casos de covid em teresina,COVID-19,166.5,TRUE,BR-PI,2021-03,2025-07-30 17:24
quantas mortes por covid no brasil,COVID-19,156,TRUE,BR-PI,2021-03,2025-07-30 17:24
primeiros sintomas da covid 19,COVID-19,143,TRUE,BR-PI,2021-03,2025-07-30 17:24
total de mortes por covid no mundo,COVID-19,124.5,TRUE,BR-PI,2021-03,2025-07-30 17:24
quantas mortes por covid no mundo,COVID-19,114.5,TRUE,BR-PI,2021-03,2025-07-30 17:24
nova zelandia covid,COVID-19,113,TRUE,BR-PI,2021-03,2025-07-30 17:24
proxalutamida covid,COVID-19,93.5,TRUE,BR-PI,2021-03,2025-07-30 17:24
covid 19 no piauí hoje,COVID-19,77,TRUE,BR-PI,2021-03,2025-07-30 17:24
sintomas da covid 19 leve,COVID-19,74,TRUE,BR-PI,2021-03,2025-07-30 17:24
sintonas covid,COVID-19,71.5,TRUE,BR-PI,2021-03,2025-07-30 17:24
com quantos dias aparece os sintomas do covid,COVID-19,62.5,TRUE,BR-PI,2021-03,2025-07-30 17:24
pigarro na garganta covid,COVID-19,60.5,TRUE,BR-PI,2021-03,2025-07-30 17:24
paises com mais mortes por covid,COVID-19,57.5,TRUE,BR-PI,2021-03,2025-07-30 17:24
sintomas covid 19 iniciais,COVID-19,56,TRUE,BR-PI,2021-03,2025-07-30 17:24
onde fazer teste de covid em teresina,COVID-19,54,TRUE,BR-PI,2021-03,2025-07-30 17:24
dor de garganta é sintomas de covid,COVID-19,52,TRUE,BR-PI,2021-03,2025-07-30 17:24
ferritina alta covid,COVID-19,49,FALSE,BR-PI,2021-03,2025-07-30 17:24
com quantos dias aparecem os sintomas do covid-19,COVID-19,45,FALSE,BR-PI,2021-03,2025-07-30 17:24
paulo gustavo covid,COVID-19,335.5,TRUE,BR-PR,2021-03,2025-07-30 17:24
rancho queimado covid,COVID-19,119,TRUE,BR-PR,2021-03,2025-07-30 17:24
flutamida covid,COVID-19,14.5,FALSE,BR-PR,2021-03,2025-07-30 17:24
proxalutamida covid,COVID-19,8.5,FALSE,BR-PR,2021-03,2025-07-30 17:24
bandeira vermelha covid,COVID-19,5,FALSE,BR-PR,2021-03,2025-07-30 17:24
calendario de vacinação covid curitiba,COVID-19,4,FALSE,BR-PR,2021-03,2025-07-30 17:24
quantas mortes por covid no brasil,COVID-19,3.5,FALSE,BR-PR,2021-03,2025-07-30 17:24
calendario vacina covid curitiba,COVID-19,3.5,FALSE,BR-PR,2021-03,2025-07-30 17:24
quantas pessoas morreram de covid no brasil,COVID-19,3,FALSE,BR-PR,2021-03,2025-07-30 17:24
mortes covid brasil hoje,COVID-19,3,FALSE,BR-PR,2021-03,2025-07-30 17:24
tratamento precoce covid,COVID-19,3,FALSE,BR-PR,2021-03,2025-07-30 17:24
denuncia covid curitiba,COVID-19,2.5,FALSE,BR-PR,2021-03,2025-07-30 17:24
postos de vacinação covid curitiba,COVID-19,2.5,FALSE,BR-PR,2021-03,2025-07-30 17:24
mortos covid mundo,COVID-19,2.5,FALSE,BR-PR,2021-03,2025-07-30 17:24
covid mortes hoje,COVID-19,2.5,FALSE,BR-PR,2021-03,2025-07-30 17:24
kit covid,COVID-19,2,FALSE,BR-PR,2021-03,2025-07-30 17:24
famosos que morreram de covid,COVID-19,2,FALSE,BR-PR,2021-03,2025-07-30 17:24
calendario de vacinação covid,COVID-19,1.9,FALSE,BR-PR,2021-03,2025-07-30 17:24
mortes por covid hoje,COVID-19,1.9,FALSE,BR-PR,2021-03,2025-07-30 17:24
numero de mortes covid brasil,COVID-19,1.8,FALSE,BR-PR,2021-03,2025-07-30 17:24
mortes covid brasil,COVID-19,1.8,FALSE,BR-PR,2021-03,2025-07-30 17:24
numero de mortes covid brasil hoje,COVID-19,1.7,FALSE,BR-PR,2021-03,2025-07-30 17:24
morte covid brasil,COVID-19,1.7,FALSE,BR-PR,2021-03,2025-07-30 17:24
australia covid,COVID-19,1.7,FALSE,BR-PR,2021-03,2025-07-30 17:24
covid mortes,COVID-19,1.7,FALSE,BR-PR,2021-03,2025-07-30 17:24
paulo gustavo covid,COVID-19,87.5,TRUE,BR-RJ,2021-03,2025-07-30 17:24
proxalutamida covid,COVID-19,72,TRUE,BR-RJ,2021-03,2025-07-30 17:24
mortes covid brasil 24h,COVID-19,71.5,TRUE,BR-RJ,2021-03,2025-07-30 17:24
novas medidas covid rj,COVID-19,66.5,TRUE,BR-RJ,2021-03,2025-07-30 17:24
agnaldo timóteo covid,COVID-19,14,FALSE,BR-RJ,2021-03,2025-07-30 17:24
decreto rio de janeiro covid,COVID-19,6.5,FALSE,BR-RJ,2021-03,2025-07-30 17:24
restricoes covid rj,COVID-19,5.5,FALSE,BR-RJ,2021-03,2025-07-30 17:24
restrições covid rio de janeiro,COVID-19,5,FALSE,BR-RJ,2021-03,2025-07-30 17:24
decreto rj covid,COVID-19,4.5,FALSE,BR-RJ,2021-03,2025-07-30 17:24
número de mortes covid brasil,COVID-19,4,FALSE,BR-RJ,2021-03,2025-07-30 17:24
sao lourenço covid,COVID-19,4,FALSE,BR-RJ,2021-03,2025-07-30 17:24
eduardo paes covid,COVID-19,3.5,FALSE,BR-RJ,2021-03,2025-07-30 17:24
numero de mortes covid brasil hoje,COVID-19,3,FALSE,BR-RJ,2021-03,2025-07-30 17:24
kit covid,COVID-19,3,FALSE,BR-RJ,2021-03,2025-07-30 17:24
quantas pessoas morreram de covid no brasil,COVID-19,3,FALSE,BR-RJ,2021-03,2025-07-30 17:24
quantas mortes por covid no brasil,COVID-19,2.5,FALSE,BR-RJ,2021-03,2025-07-30 17:24
mortes por covid hoje,COVID-19,2.5,FALSE,BR-RJ,2021-03,2025-07-30 17:24
numero de mortes covid brasil,COVID-19,2,FALSE,BR-RJ,2021-03,2025-07-30 17:24
mortes covid brasil hoje,COVID-19,2,FALSE,BR-RJ,2021-03,2025-07-30 17:24
mortes covid hoje,COVID-19,1.6,FALSE,BR-RJ,2021-03,2025-07-30 17:24
tratamento precoce covid,COVID-19,1.5,FALSE,BR-RJ,2021-03,2025-07-30 17:24
obitos covid brasil,COVID-19,1.4,FALSE,BR-RJ,2021-03,2025-07-30 17:24
covid brasil mortes,COVID-19,1.3,FALSE,BR-RJ,2021-03,2025-07-30 17:24
mortes de covid no brasil,COVID-19,1.3,FALSE,BR-RJ,2021-03,2025-07-30 17:24
mortes covid,COVID-19,1.3,FALSE,BR-RJ,2021-03,2025-07-30 17:24
paulo gustavo covid,COVID-19,365.5,TRUE,BR-RN,2021-03,2025-07-30 17:24
kit covid,COVID-19,234,TRUE,BR-RN,2021-03,2025-07-30 17:24
quantas mortes por covid no brasil,COVID-19,198.5,TRUE,BR-RN,2021-03,2025-07-30 17:24
quantos dias dura os sintomas da covid,COVID-19,178,TRUE,BR-RN,2021-03,2025-07-30 17:24
pulmão com covid,COVID-19,136,TRUE,BR-RN,2021-03,2025-07-30 17:24
numero de mortes covid brasil hoje,COVID-19,129,TRUE,BR-RN,2021-03,2025-07-30 17:24
com quantos dias aparecem os sintomas do covid-19,COVID-19,118,TRUE,BR-RN,2021-03,2025-07-30 17:24
sintomas de ansiedade,COVID-19,115,TRUE,BR-RN,2021-03,2025-07-30 17:24
nariz entupido é sintoma de covid,COVID-19,85,TRUE,BR-RN,2021-03,2025-07-30 17:24
mortes por covid nas últimas 24 horas,COVID-19,84,TRUE,BR-RN,2021-03,2025-07-30 17:24
postos de vacinação covid natal rn,COVID-19,77.5,TRUE,BR-RN,2021-03,2025-07-30 17:24
ivermectina bula,COVID-19,75,TRUE,BR-RN,2021-03,2025-07-30 17:24
sintomas da covid 19 primeiros dias,COVID-19,72.5,TRUE,BR-RN,2021-03,2025-07-30 17:24
quanto tempo o covid fica na roupa,COVID-19,62,TRUE,BR-RN,2021-03,2025-07-30 17:24
proxalutamida covid,COVID-19,55,TRUE,BR-RN,2021-03,2025-07-30 17:24
quantas mortes por covid no brasil hoje,COVID-19,54.5,TRUE,BR-RN,2021-03,2025-07-30 17:24
gasometria covid,COVID-19,53.5,TRUE,BR-RN,2021-03,2025-07-30 17:24
covid-19 brasil hoje,COVID-19,52.5,TRUE,BR-RN,2021-03,2025-07-30 17:24
periodo de transmissibilidade do covid,COVID-19,34.5,FALSE,BR-RN,2021-03,2025-07-30 17:24
teste rapido covid preço,COVID-19,32.5,FALSE,BR-RN,2021-03,2025-07-30 17:24
lais ufrn covid 19,COVID-19,30,FALSE,BR-RN,2021-03,2025-07-30 17:24
numero de mortes por covid nas ultimas 24 horas,COVID-19,25,FALSE,BR-RN,2021-03,2025-07-30 17:24
casos de covid no rio grande do norte,COVID-19,24.5,FALSE,BR-RN,2021-03,2025-07-30 17:24
mortos covid brasil,COVID-19,5.5,FALSE,BR-RN,2021-03,2025-07-30 17:24
australia covid,COVID-19,4,FALSE,BR-RN,2021-03,2025-07-30 17:24
call center covid,COVID-19,698.5,TRUE,BR-RO,2021-03,2025-07-30 17:24
reinfecção covid,COVID-19,262.5,TRUE,BR-RO,2021-03,2025-07-30 17:24
paulo gustavo covid,COVID-19,211,TRUE,BR-RO,2021-03,2025-07-30 17:24
mortes por covid em rondônia,COVID-19,187.5,TRUE,BR-RO,2021-03,2025-07-30 17:24
australia covid,COVID-19,183.5,TRUE,BR-RO,2021-03,2025-07-30 17:24
quantas pessoas morreram de covid no mundo,COVID-19,171,TRUE,BR-RO,2021-03,2025-07-30 17:24
flutamida covid,COVID-19,163.5,TRUE,BR-RO,2021-03,2025-07-30 17:24
agendamento vacina covid porto velho,COVID-19,143,TRUE,BR-RO,2021-03,2025-07-30 17:24
kit covid rondonia,COVID-19,141.5,TRUE,BR-RO,2021-03,2025-07-30 17:24
prednisona covid,COVID-19,131.5,TRUE,BR-RO,2021-03,2025-07-30 17:24
principais sintomas da covid 19,COVID-19,129,TRUE,BR-RO,2021-03,2025-07-30 17:24
quais sao os sintomas do covid 19,COVID-19,91.5,TRUE,BR-RO,2021-03,2025-07-30 17:24
kit covid,COVID-19,3.5,FALSE,BR-RO,2021-03,2025-07-30 17:24
covid-19 rondonia boletim,COVID-19,2,FALSE,BR-RO,2021-03,2025-07-30 17:24
mortes covid brasil,COVID-19,1.6,FALSE,BR-RO,2021-03,2025-07-30 17:24
mortos covid brasil,COVID-19,1.6,FALSE,BR-RO,2021-03,2025-07-30 17:24
call center covid porto velho,COVID-19,1.3,FALSE,BR-RO,2021-03,2025-07-30 17:24
mortes covid,COVID-19,1.2,FALSE,BR-RO,2021-03,2025-07-30 17:24
covid no brasil,COVID-19,1.2,FALSE,BR-RO,2021-03,2025-07-30 17:24
covid brasil hoje,COVID-19,1.1,FALSE,BR-RO,2021-03,2025-07-30 17:24
vni covid,COVID-19,1,FALSE,BR-RO,2021-03,2025-07-30 17:24
covid em rondônia hoje,COVID-19,1,FALSE,BR-RO,2021-03,2025-07-30 17:24
pandemia covid 19,COVID-19,0.8,FALSE,BR-RO,2021-03,2025-07-30 17:24
covid no mundo,COVID-19,0.8,FALSE,BR-RO,2021-03,2025-07-30 17:24
covid eua,COVID-19,0.8,FALSE,BR-RO,2021-03,2025-07-30 17:24
mortes por covid hoje,COVID-19,662.5,TRUE,BR-RR,2021-03,2025-07-30 17:24
paulo gustavo covid,COVID-19,344,TRUE,BR-RR,2021-03,2025-07-30 17:24
mortes covid brasil,COVID-19,4,FALSE,BR-RR,2021-03,2025-07-30 17:24
covid brasil,COVID-19,1,FALSE,BR-RR,2021-03,2025-07-30 17:24
flutamida covid,COVID-19,467.5,TRUE,BR-RS,2021-03,2025-07-30 17:24
paulo gustavo covid,COVID-19,398.5,TRUE,BR-RS,2021-03,2025-07-30 17:24
número de mortes covid brasil,COVID-19,116.5,TRUE,BR-RS,2021-03,2025-07-30 17:24
flutamida 250 mg para covid,COVID-19,103,TRUE,BR-RS,2021-03,2025-07-30 17:24
rancho queimado covid,COVID-19,16.5,FALSE,BR-RS,2021-03,2025-07-30 17:24
quantos mortos por covid no brasil,COVID-19,7,FALSE,BR-RS,2021-03,2025-07-30 17:24
vacinacao covid mundo,COVID-19,4.5,FALSE,BR-RS,2021-03,2025-07-30 17:24
quantas mortes por covid no brasil,COVID-19,3.5,FALSE,BR-RS,2021-03,2025-07-30 17:24
mortes covid brasil hoje,COVID-19,3.5,FALSE,BR-RS,2021-03,2025-07-30 17:24
numero de mortes covid brasil,COVID-19,3.5,FALSE,BR-RS,2021-03,2025-07-30 17:24
mortes por covid no brasil hoje,COVID-19,3,FALSE,BR-RS,2021-03,2025-07-30 17:24
quantas pessoas morreram de covid no brasil,COVID-19,3,FALSE,BR-RS,2021-03,2025-07-30 17:24
queda de cabelo pos covid,COVID-19,3,FALSE,BR-RS,2021-03,2025-07-30 17:24
mortes covid hoje,COVID-19,2.5,FALSE,BR-RS,2021-03,2025-07-30 17:24
mortes por covid hoje,COVID-19,2.5,FALSE,BR-RS,2021-03,2025-07-30 17:24
australia covid,COVID-19,2.5,FALSE,BR-RS,2021-03,2025-07-30 17:24
morte covid brasil,COVID-19,2.5,FALSE,BR-RS,2021-03,2025-07-30 17:24
mortes covid rs hoje,COVID-19,2,FALSE,BR-RS,2021-03,2025-07-30 17:24
profilaxia covid,COVID-19,2,FALSE,BR-RS,2021-03,2025-07-30 17:24
painel covid jaguarao,COVID-19,2,FALSE,BR-RS,2021-03,2025-07-30 17:24
mortes covid brasil,COVID-19,1.9,FALSE,BR-RS,2021-03,2025-07-30 17:24
famosos que morreram de covid,COVID-19,1.9,FALSE,BR-RS,2021-03,2025-07-30 17:24
mortes covid,COVID-19,1.9,FALSE,BR-RS,2021-03,2025-07-30 17:24
mortes covid rs,COVID-19,1.7,FALSE,BR-RS,2021-03,2025-07-30 17:24
mortos covid brasil,COVID-19,1.5,FALSE,BR-RS,2021-03,2025-07-30 17:24
rancho queimado,COVID-19,390,TRUE,BR-SC,2021-03,2025-07-30 17:24
rancho queimado covid,COVID-19,378,TRUE,BR-SC,2021-03,2025-07-30 17:24
paulo gustavo covid,COVID-19,355,TRUE,BR-SC,2021-03,2025-07-30 17:24
flutamida covid,COVID-19,169.5,TRUE,BR-SC,2021-03,2025-07-30 17:24
agendamento vacina covid joinville,COVID-19,123.5,TRUE,BR-SC,2021-03,2025-07-30 17:24
flutamida 250 mg para covid,COVID-19,48.5,FALSE,BR-SC,2021-03,2025-07-30 17:24
enjoo é sintoma de covid,COVID-19,38,FALSE,BR-SC,2021-03,2025-07-30 17:24
proxalutamida covid,COVID-19,5,FALSE,BR-SC,2021-03,2025-07-30 17:24
triplice viral covid,COVID-19,4,FALSE,BR-SC,2021-03,2025-07-30 17:24
vacina triplice viral covid,COVID-19,4,FALSE,BR-SC,2021-03,2025-07-30 17:24
nitazoxanida covid,COVID-19,3.5,FALSE,BR-SC,2021-03,2025-07-30 17:24
agendar vacina covid joinville,COVID-19,3,FALSE,BR-SC,2021-03,2025-07-30 17:24
fiocruz vacina covid,COVID-19,2.5,FALSE,BR-SC,2021-03,2025-07-30 17:24
mortes covid hoje,COVID-19,2,FALSE,BR-SC,2021-03,2025-07-30 17:24
vacina covid sao jose sc,COVID-19,2,FALSE,BR-SC,2021-03,2025-07-30 17:24
mortes covid brasil hoje,COVID-19,2,FALSE,BR-SC,2021-03,2025-07-30 17:24
mortes por covid hoje,COVID-19,2,FALSE,BR-SC,2021-03,2025-07-30 17:24
kit covid,COVID-19,2,FALSE,BR-SC,2021-03,2025-07-30 17:24
tratamento precoce covid,COVID-19,2,FALSE,BR-SC,2021-03,2025-07-30 17:24
mortes por covid no brasil hoje,COVID-19,1.8,FALSE,BR-SC,2021-03,2025-07-30 17:24
numero de mortes covid brasil,COVID-19,1.8,FALSE,BR-SC,2021-03,2025-07-30 17:24
calendario vacina covid,COVID-19,1.8,FALSE,BR-SC,2021-03,2025-07-30 17:24
quantas pessoas morreram de covid no brasil,COVID-19,1.7,FALSE,BR-SC,2021-03,2025-07-30 17:24
mortes de covid no brasil,COVID-19,1.7,FALSE,BR-SC,2021-03,2025-07-30 17:24
australia covid,COVID-19,1.7,FALSE,BR-SC,2021-03,2025-07-30 17:24
mortes covid brasil hoje,COVID-19,708,TRUE,BR-SE,2021-03,2025-07-30 17:24
kit covid,COVID-19,326,TRUE,BR-SE,2021-03,2025-07-30 17:24
australia covid,COVID-19,325,TRUE,BR-SE,2021-03,2025-07-30 17:24
quantas pessoas morreram de covid no brasil,COVID-19,274,TRUE,BR-SE,2021-03,2025-07-30 17:24
decreto governo de sergipe covid,COVID-19,271,TRUE,BR-SE,2021-03,2025-07-30 17:24
teste online covid,COVID-19,180,TRUE,BR-SE,2021-03,2025-07-30 17:24
solim aracaju covid,COVID-19,177,TRUE,BR-SE,2021-03,2025-07-30 17:24
covid-19 hoje sergipe,COVID-19,172,TRUE,BR-SE,2021-03,2025-07-30 17:24
numero de mortes covid brasil,COVID-19,170.5,TRUE,BR-SE,2021-03,2025-07-30 17:24
calendario de vacinação covid aracaju,COVID-19,140.5,TRUE,BR-SE,2021-03,2025-07-30 17:24
oxigenação covid,COVID-19,137,TRUE,BR-SE,2021-03,2025-07-30 17:24
quais sao os sintomas do covid,COVID-19,107,TRUE,BR-SE,2021-03,2025-07-30 17:24
primeiro sintomas de covid,COVID-19,101.5,TRUE,BR-SE,2021-03,2025-07-30 17:24
mapa do covid no brasil por cor atualizado,COVID-19,91,TRUE,BR-SE,2021-03,2025-07-30 17:24
decreto covid sergipe,COVID-19,4.5,FALSE,BR-SE,2021-03,2025-07-30 17:24
mortes covid brasil,COVID-19,3,FALSE,BR-SE,2021-03,2025-07-30 17:24
decreto covid,COVID-19,2.5,FALSE,BR-SE,2021-03,2025-07-30 17:24
casos de covid no brasil,COVID-19,2.5,FALSE,BR-SE,2021-03,2025-07-30 17:24
mortes por covid hoje,COVID-19,2,FALSE,BR-SE,2021-03,2025-07-30 17:24
saturação covid,COVID-19,2,FALSE,BR-SE,2021-03,2025-07-30 17:24
mortes de covid no brasil,COVID-19,1.9,FALSE,BR-SE,2021-03,2025-07-30 17:24
mortes por covid mundo,COVID-19,1.9,FALSE,BR-SE,2021-03,2025-07-30 17:24
paulo gustavo covid,COVID-19,194.5,TRUE,BR-SP,2021-03,2025-07-30 17:24
major olimpio covid,COVID-19,69,TRUE,BR-SP,2021-03,2025-07-30 17:24
proxalutamida covid,COVID-19,19.5,FALSE,BR-SP,2021-03,2025-07-30 17:24
geraldo luis covid,COVID-19,14,FALSE,BR-SP,2021-03,2025-07-30 17:24
quantas mortes por covid no brasil hoje,COVID-19,5.5,FALSE,BR-SP,2021-03,2025-07-30 17:24
número de mortes covid brasil hoje,COVID-19,5,FALSE,BR-SP,2021-03,2025-07-30 17:24
covid brasil mortes hoje,COVID-19,4,FALSE,BR-SP,2021-03,2025-07-30 17:24
numero de mortes covid brasil hoje,COVID-19,3,FALSE,BR-SP,2021-03,2025-07-30 17:24
covid mortes hoje,COVID-19,3,FALSE,BR-SP,2021-03,2025-07-30 17:24
quantos mortos por covid no brasil hoje,COVID-19,3,FALSE,BR-SP,2021-03,2025-07-30 17:24
mortes por covid hoje,COVID-19,2.5,FALSE,BR-SP,2021-03,2025-07-30 17:24
famosos que morreram de covid,COVID-19,2.5,FALSE,BR-SP,2021-03,2025-07-30 17:24
tratamento precoce covid,COVID-19,2.5,FALSE,BR-SP,2021-03,2025-07-30 17:24
missao covid,COVID-19,2.5,FALSE,BR-SP,2021-03,2025-07-30 17:24
quantas pessoas morreram de covid no brasil,COVID-19,2.5,FALSE,BR-SP,2021-03,2025-07-30 17:24
mortes covid brasil 24 horas,COVID-19,2.5,FALSE,BR-SP,2021-03,2025-07-30 17:24
kit covid,COVID-19,2.5,FALSE,BR-SP,2021-03,2025-07-30 17:24
covid brasil mortes,COVID-19,2,FALSE,BR-SP,2021-03,2025-07-30 17:24
número de mortes covid brasil,COVID-19,2,FALSE,BR-SP,2021-03,2025-07-30 17:24
quantos morreram de covid hoje,COVID-19,2,FALSE,BR-SP,2021-03,2025-07-30 17:24
numero de mortes covid brasil,COVID-19,1.9,FALSE,BR-SP,2021-03,2025-07-30 17:24
australia covid,COVID-19,1.8,FALSE,BR-SP,2021-03,2025-07-30 17:24
covid brasil hoje,COVID-19,1.8,FALSE,BR-SP,2021-03,2025-07-30 17:24
mortes por covid,COVID-19,1.8,FALSE,BR-SP,2021-03,2025-07-30 17:24
covid 24 horas,COVID-19,1.7,FALSE,BR-SP,2021-03,2025-07-30 17:24
teste rapido covid palmas,COVID-19,474,TRUE,BR-TO,2021-03,2025-07-30 17:24
quantas pessoas morreram de covid no mundo,COVID-19,398.5,TRUE,BR-TO,2021-03,2025-07-30 17:24
australia covid,COVID-19,388.5,TRUE,BR-TO,2021-03,2025-07-30 17:24
numero de mortes covid brasil,COVID-19,312.5,TRUE,BR-TO,2021-03,2025-07-30 17:24
covid em sao paulo,COVID-19,242.5,TRUE,BR-TO,2021-03,2025-07-30 17:24
principais sintomas da covid,COVID-19,214,TRUE,BR-TO,2021-03,2025-07-30 17:24
calendario de vacinação covid,COVID-19,182.5,TRUE,BR-TO,2021-03,2025-07-30 17:24
paulo gustavo covid,COVID-19,166.5,TRUE,BR-TO,2021-03,2025-07-30 17:24
geraldo luis covid,COVID-19,147.5,TRUE,BR-TO,2021-03,2025-07-30 17:24
profilaxia covid,COVID-19,94,TRUE,BR-TO,2021-03,2025-07-30 17:24
mortes covid brasil,COVID-19,11,FALSE,BR-TO,2021-03,2025-07-30 17:24
mortes covid brasil hoje,COVID-19,4,FALSE,BR-TO,2021-03,2025-07-30 17:24
ivermectina covid,COVID-19,3,FALSE,BR-TO,2021-03,2025-07-30 17:24
vacinação covid brasil,COVID-19,3,FALSE,BR-TO,2021-03,2025-07-30 17:24
covid no mundo,COVID-19,2.5,FALSE,BR-TO,2021-03,2025-07-30 17:24
quantas pessoas morreram de covid no brasil,COVID-19,1.8,FALSE,BR-TO,2021-03,2025-07-30 17:24
mortes covid,COVID-19,1.7,FALSE,BR-TO,2021-03,2025-07-30 17:24
covid eua,COVID-19,1.4,FALSE,BR-TO,2021-03,2025-07-30 17:24
mortes por covid hoje,COVID-19,1.3,FALSE,BR-TO,2021-03,2025-07-30 17:24
dor de cabeça covid,COVID-19,1.2,FALSE,BR-TO,2021-03,2025-07-30 17:24
covid gurupi,COVID-19,1.1,FALSE,BR-TO,2021-03,2025-07-30 17:24
mortes covid mundo,COVID-19,1,FALSE,BR-TO,2021-03,2025-07-30 17:24
reinfecção covid,COVID-19,1,FALSE,BR-TO,2021-03,2025-07-30 17:24
saturação covid,COVID-19,0.9,FALSE,BR-TO,2021-03,2025-07-30 17:24
covid no mundo hoje,COVID-19,0.9,FALSE,BR-TO,2021-03,2025-07-30 17:24
paulo gustavo covid,COVID-19,285.5,TRUE,BR,2021-03,2025-07-30 17:24
flutamida covid,COVID-19,84,TRUE,BR,2021-03,2025-07-30 17:24
rancho queimado covid,COVID-19,67.5,TRUE,BR,2021-03,2025-07-30 17:24
labsaudeonline.com.br covid,COVID-19,44.5,FALSE,BR,2021-03,2025-07-30 17:24
geraldo luis covid,COVID-19,13,FALSE,BR,2021-03,2025-07-30 17:24
proxalutamida covid,COVID-19,9,FALSE,BR,2021-03,2025-07-30 17:24
sao lourenço covid,COVID-19,8,FALSE,BR,2021-03,2025-07-30 17:24
mortes covid brasil hoje,COVID-19,3.5,FALSE,BR,2021-03,2025-07-30 17:24
numero de mortes covid brasil hoje,COVID-19,3,FALSE,BR,2021-03,2025-07-30 17:24
mortes covid brasil 24h,COVID-19,3,FALSE,BR,2021-03,2025-07-30 17:24
quantas mortes por covid no brasil hoje,COVID-19,3,FALSE,BR,2021-03,2025-07-30 17:24
covid mortes hoje,COVID-19,3,FALSE,BR,2021-03,2025-07-30 17:24
número de mortes covid brasil hoje,COVID-19,2.5,FALSE,BR,2021-03,2025-07-30 17:24
mortes por covid hoje,COVID-19,2.5,FALSE,BR,2021-03,2025-07-30 17:24
mortes covid brasil 24 horas,COVID-19,2.5,FALSE,BR,2021-03,2025-07-30 17:24
tratamento precoce covid,COVID-19,2.5,FALSE,BR,2021-03,2025-07-30 17:24
kit covid,COVID-19,2,FALSE,BR,2021-03,2025-07-30 17:24
quantas pessoas morreram de covid no brasil,COVID-19,2,FALSE,BR,2021-03,2025-07-30 17:24
numero mortes covid brasil,COVID-19,2,FALSE,BR,2021-03,2025-07-30 17:24
australia covid,COVID-19,2,FALSE,BR,2021-03,2025-07-30 17:24
numero de mortes covid brasil,COVID-19,2,FALSE,BR,2021-03,2025-07-30 17:24
mortes covid brasil,COVID-19,1.7,FALSE,BR,2021-03,2025-07-30 17:24
mortes por covid no brasil hoje,COVID-19,1.7,FALSE,BR,2021-03,2025-07-30 17:24
covid no brasil hoje,COVID-19,1.6,FALSE,BR,2021-03,2025-07-30 17:24
número de mortes covid brasil,COVID-19,1.6,FALSE,BR,2021-03,2025-07-30 17:24
