topSearches,value,geo,keyword,time,sys_time
,,BR-AC,Dengue,2020-10,2025-07-22 18:34
dengue,100,BR-AL,Dengue,2020-10,2025-07-22 18:34
sintomas da dengue,14,BR-AL,Dengue,2020-10,2025-07-22 18:34
dengue,100,BR-AM,Dengue,2020-10,2025-07-22 18:34
sintomas da dengue,11,BR-AM,Dengue,2020-10,2025-07-22 18:34
sintomas de dengue,10,BR-AM,Dengue,2020-10,2025-07-22 18:34
,,BR-AP,Dengue,2020-10,2025-07-22 18:34
dengue,100,BR-BA,Dengue,2020-10,2025-07-22 18:34
sintomas dengue,24,BR-BA,Dengue,2020-10,2025-07-22 18:34
sintomas da dengue,16,BR-BA,Dengue,2020-10,2025-07-22 18:34
mosquito da dengue,11,BR-BA,Dengue,2020-10,2025-07-22 18:34
sintomas de dengue,7,BR-BA,Dengue,2020-10,2025-07-22 18:34
dengue hemorrágica,3,BR-BA,Dengue,2020-10,2025-07-22 18:34
sintomas do covid,2,BR-BA,Dengue,2020-10,2025-07-22 18:34
sintomas da zika,2,BR-BA,Dengue,2020-10,2025-07-22 18:34
dengue,100,BR-CE,Dengue,2020-10,2025-07-22 18:34
sintomas dengue,17,BR-CE,Dengue,2020-10,2025-07-22 18:34
mosquito da dengue,10,BR-CE,Dengue,2020-10,2025-07-22 18:34
sintomas da dengue,8,BR-CE,Dengue,2020-10,2025-07-22 18:34
sintomas de dengue,5,BR-CE,Dengue,2020-10,2025-07-22 18:34
dengue,100,BR-DF,Dengue,2020-10,2025-07-22 18:34
sintomas dengue,24,BR-DF,Dengue,2020-10,2025-07-22 18:34
sintomas da dengue,12,BR-DF,Dengue,2020-10,2025-07-22 18:34
mosquito da dengue,8,BR-DF,Dengue,2020-10,2025-07-22 18:34
sintomas de dengue,7,BR-DF,Dengue,2020-10,2025-07-22 18:34
sintomas covid,7,BR-DF,Dengue,2020-10,2025-07-22 18:34
dengue,100,BR-ES,Dengue,2020-10,2025-07-22 18:34
sintomas dengue,27,BR-ES,Dengue,2020-10,2025-07-22 18:34
mosquito da dengue,15,BR-ES,Dengue,2020-10,2025-07-22 18:34
sintomas de dengue,14,BR-ES,Dengue,2020-10,2025-07-22 18:34
sintomas da dengue,11,BR-ES,Dengue,2020-10,2025-07-22 18:34
dengue,100,BR-GO,Dengue,2020-10,2025-07-22 18:34
sintomas dengue,23,BR-GO,Dengue,2020-10,2025-07-22 18:34
sintomas da dengue,16,BR-GO,Dengue,2020-10,2025-07-22 18:34
mosquito da dengue,8,BR-GO,Dengue,2020-10,2025-07-22 18:34
sintomas de dengue,7,BR-GO,Dengue,2020-10,2025-07-22 18:34
sintomas covid,7,BR-GO,Dengue,2020-10,2025-07-22 18:34
cid dengue,4,BR-GO,Dengue,2020-10,2025-07-22 18:34
dengue,100,BR-MA,Dengue,2020-10,2025-07-22 18:34
dengue,100,BR-MG,Dengue,2020-10,2025-07-22 18:34
sintomas dengue,23,BR-MG,Dengue,2020-10,2025-07-22 18:34
mosquito da dengue,11,BR-MG,Dengue,2020-10,2025-07-22 18:34
sintomas da dengue,11,BR-MG,Dengue,2020-10,2025-07-22 18:34
sintomas de dengue,10,BR-MG,Dengue,2020-10,2025-07-22 18:34
dengue covid,7,BR-MG,Dengue,2020-10,2025-07-22 18:34
sintomas covid,4,BR-MG,Dengue,2020-10,2025-07-22 18:34
dengue hemorrágica,3,BR-MG,Dengue,2020-10,2025-07-22 18:34
aedes aegypti,3,BR-MG,Dengue,2020-10,2025-07-22 18:34
tratamento dengue,3,BR-MG,Dengue,2020-10,2025-07-22 18:34
vacina dengue,3,BR-MG,Dengue,2020-10,2025-07-22 18:34
sintomas de covid,2,BR-MG,Dengue,2020-10,2025-07-22 18:34
sintoma de dengue,1,BR-MG,Dengue,2020-10,2025-07-22 18:34
mosquito da dengue desenho,1,BR-MG,Dengue,2020-10,2025-07-22 18:34
no trecho dificilmente conseguem atingir os vocábulos retoma,1,BR-MG,Dengue,2020-10,2025-07-22 18:34
como prevenir a dengue,1,BR-MG,Dengue,2020-10,2025-07-22 18:34
vacina da dengue,1,BR-MG,Dengue,2020-10,2025-07-22 18:34
quais são os sintomas da dengue,1,BR-MG,Dengue,2020-10,2025-07-22 18:34
durante as estações chuvosas aumentam no brasil as campanhas de prevenção à dengue,1,BR-MG,Dengue,2020-10,2025-07-22 18:34
cid dengue,1,BR-MG,Dengue,2020-10,2025-07-22 18:34
com base na figura e nos conhecimentos sobre o tema analise as afirmativas a seguir,0,BR-MG,Dengue,2020-10,2025-07-22 18:34
a condição física apresentada pelo personagem da tirinha é um fator de risco que pode,0,BR-MG,Dengue,2020-10,2025-07-22 18:34
dengue,100,BR-MS,Dengue,2020-10,2025-07-22 18:34
dengue sintomas,28,BR-MS,Dengue,2020-10,2025-07-22 18:34
sintomas da dengue,15,BR-MS,Dengue,2020-10,2025-07-22 18:34
sintomas de dengue,10,BR-MS,Dengue,2020-10,2025-07-22 18:34
sintomas covid,7,BR-MS,Dengue,2020-10,2025-07-22 18:34
quais são os sintomas da dengue,6,BR-MS,Dengue,2020-10,2025-07-22 18:34
dengue,100,BR-MT,Dengue,2020-10,2025-07-22 18:34
sintomas da dengue,13,BR-MT,Dengue,2020-10,2025-07-22 18:34
dengue,100,BR-PA,Dengue,2020-10,2025-07-22 18:34
dengue sintomas,16,BR-PA,Dengue,2020-10,2025-07-22 18:34
sintomas da dengue,8,BR-PA,Dengue,2020-10,2025-07-22 18:34
dengue,100,BR-PB,Dengue,2020-10,2025-07-22 18:34
sintomas da dengue,9,BR-PB,Dengue,2020-10,2025-07-22 18:34
dengue,100,BR-PE,Dengue,2020-10,2025-07-22 18:34
dengue sintomas,19,BR-PE,Dengue,2020-10,2025-07-22 18:34
sintomas de dengue,10,BR-PE,Dengue,2020-10,2025-07-22 18:34
sintomas da dengue,8,BR-PE,Dengue,2020-10,2025-07-22 18:34
dengue hemorrágica,2,BR-PE,Dengue,2020-10,2025-07-22 18:34
quais os sintomas da dengue,2,BR-PE,Dengue,2020-10,2025-07-22 18:34
dengue,100,BR-PI,Dengue,2020-10,2025-07-22 18:34
dengue,100,BR-PR,Dengue,2020-10,2025-07-22 18:34
dengue sintomas,20,BR-PR,Dengue,2020-10,2025-07-22 18:34
mosquito da dengue,18,BR-PR,Dengue,2020-10,2025-07-22 18:34
sintomas da dengue,10,BR-PR,Dengue,2020-10,2025-07-22 18:34
sintomas de dengue,7,BR-PR,Dengue,2020-10,2025-07-22 18:34
sintomas covid,5,BR-PR,Dengue,2020-10,2025-07-22 18:34
qual é a principal intencionalidade do causo lido?,3,BR-PR,Dengue,2020-10,2025-07-22 18:34
a dengue é um grave problema de saúde pública em nosso país seu agente causador é,2,BR-PR,Dengue,2020-10,2025-07-22 18:34
vacina da dengue,1,BR-PR,Dengue,2020-10,2025-07-22 18:34
dengue,100,BR-RJ,Dengue,2020-10,2025-07-22 18:34
sintomas dengue,20,BR-RJ,Dengue,2020-10,2025-07-22 18:34
mosquito da dengue,11,BR-RJ,Dengue,2020-10,2025-07-22 18:34
dengue covid,10,BR-RJ,Dengue,2020-10,2025-07-22 18:34
sintomas da dengue,9,BR-RJ,Dengue,2020-10,2025-07-22 18:34
sintomas de dengue,7,BR-RJ,Dengue,2020-10,2025-07-22 18:34
febre amarela,3,BR-RJ,Dengue,2020-10,2025-07-22 18:34
sintomas do covid 19,1,BR-RJ,Dengue,2020-10,2025-07-22 18:34
dengue,100,BR-RN,Dengue,2020-10,2025-07-22 18:34
,,BR-RO,Dengue,2020-10,2025-07-22 18:34
,,BR-RR,Dengue,2020-10,2025-07-22 18:34
dengue,100,BR-RS,Dengue,2020-10,2025-07-22 18:34
sintomas dengue,21,BR-RS,Dengue,2020-10,2025-07-22 18:34
mosquito da dengue,13,BR-RS,Dengue,2020-10,2025-07-22 18:34
sintomas de dengue,10,BR-RS,Dengue,2020-10,2025-07-22 18:34
sintomas da dengue,9,BR-RS,Dengue,2020-10,2025-07-22 18:34
dengue,100,BR-SC,Dengue,2020-10,2025-07-22 18:34
dengue sintomas,22,BR-SC,Dengue,2020-10,2025-07-22 18:34
mosquito da dengue,10,BR-SC,Dengue,2020-10,2025-07-22 18:34
sintomas da dengue,8,BR-SC,Dengue,2020-10,2025-07-22 18:34
sintomas de dengue,7,BR-SC,Dengue,2020-10,2025-07-22 18:34
sintomas covid,3,BR-SC,Dengue,2020-10,2025-07-22 18:34
dengue,100,BR-SE,Dengue,2020-10,2025-07-22 18:34
sintomas da dengue,9,BR-SE,Dengue,2020-10,2025-07-22 18:34
dengue,100,BR-SP,Dengue,2020-10,2025-07-22 18:34
sintomas dengue,22,BR-SP,Dengue,2020-10,2025-07-22 18:34
sintomas da dengue,10,BR-SP,Dengue,2020-10,2025-07-22 18:34
dengue covid,10,BR-SP,Dengue,2020-10,2025-07-22 18:34
mosquito da dengue,9,BR-SP,Dengue,2020-10,2025-07-22 18:34
o que é dengue,9,BR-SP,Dengue,2020-10,2025-07-22 18:34
sintomas de dengue,8,BR-SP,Dengue,2020-10,2025-07-22 18:34
vacina dengue,6,BR-SP,Dengue,2020-10,2025-07-22 18:34
vacina da dengue,4,BR-SP,Dengue,2020-10,2025-07-22 18:34
sintomas covid,4,BR-SP,Dengue,2020-10,2025-07-22 18:34
prevenção da dengue,3,BR-SP,Dengue,2020-10,2025-07-22 18:34
chikungunya,3,BR-SP,Dengue,2020-10,2025-07-22 18:34
como a dengue é transmitida,2,BR-SP,Dengue,2020-10,2025-07-22 18:34
febre amarela,2,BR-SP,Dengue,2020-10,2025-07-22 18:34
dengue hemorrágica,2,BR-SP,Dengue,2020-10,2025-07-22 18:34
dengue e covid,2,BR-SP,Dengue,2020-10,2025-07-22 18:34
quais os sintomas da dengue,2,BR-SP,Dengue,2020-10,2025-07-22 18:34
dengue manchas,2,BR-SP,Dengue,2020-10,2025-07-22 18:34
sintoma dengue,2,BR-SP,Dengue,2020-10,2025-07-22 18:34
sarampo,2,BR-SP,Dengue,2020-10,2025-07-22 18:34
cid dengue,1,BR-SP,Dengue,2020-10,2025-07-22 18:34
como a vacina contra a dengue pode ajudar a conter a proliferação da doença,1,BR-SP,Dengue,2020-10,2025-07-22 18:34
que tipo de indicador é importante para basear o planejamento de uma política pública,1,BR-SP,Dengue,2020-10,2025-07-22 18:34
como a vacina contra dengue pode ajudar a conter a proliferação da doença,1,BR-SP,Dengue,2020-10,2025-07-22 18:34
sintomas de covid,1,BR-SP,Dengue,2020-10,2025-07-22 18:34
,,BR-TO,Dengue,2020-10,2025-07-22 18:34
dengue,100,BR,Dengue,2020-10,2025-07-22 18:34
dengue sintomas,17,BR,Dengue,2020-10,2025-07-22 18:34
mosquito,11,BR,Dengue,2020-10,2025-07-22 18:34
dengue mosquito,11,BR,Dengue,2020-10,2025-07-22 18:34
mosquito da dengue,10,BR,Dengue,2020-10,2025-07-22 18:34
sintomas da dengue,9,BR,Dengue,2020-10,2025-07-22 18:34
o que é dengue,8,BR,Dengue,2020-10,2025-07-22 18:34
sintomas de dengue,7,BR,Dengue,2020-10,2025-07-22 18:34
dengue covid,7,BR,Dengue,2020-10,2025-07-22 18:34
o que é a dengue,6,BR,Dengue,2020-10,2025-07-22 18:34
sobre a dengue,5,BR,Dengue,2020-10,2025-07-22 18:34
zika,4,BR,Dengue,2020-10,2025-07-22 18:34
sintomas covid,3,BR,Dengue,2020-10,2025-07-22 18:34
chikungunya,3,BR,Dengue,2020-10,2025-07-22 18:34
dengue no brasil,3,BR,Dengue,2020-10,2025-07-22 18:34
vacina dengue,3,BR,Dengue,2020-10,2025-07-22 18:34
dengue virus,3,BR,Dengue,2020-10,2025-07-22 18:34
febre amarela,2,BR,Dengue,2020-10,2025-07-22 18:34
aedes aegypti,2,BR,Dengue,2020-10,2025-07-22 18:34
dengue tratamento,2,BR,Dengue,2020-10,2025-07-22 18:34
dengue 2020,2,BR,Dengue,2020-10,2025-07-22 18:34
dengue e chikungunya,2,BR,Dengue,2020-10,2025-07-22 18:34
prevenção da dengue,2,BR,Dengue,2020-10,2025-07-22 18:34
dengue transmissão,2,BR,Dengue,2020-10,2025-07-22 18:34
dengue hemorrágica,2,BR,Dengue,2020-10,2025-07-22 18:34
,,BR-AC,Chikungunya,2020-10,2025-07-22 18:35
,,BR-AL,Chikungunya,2020-10,2025-07-22 18:35
,,BR-AM,Chikungunya,2020-10,2025-07-22 18:35
,,BR-AP,Chikungunya,2020-10,2025-07-22 18:35
chikungunya,100,BR-BA,Chikungunya,2020-10,2025-07-22 18:35
chicungunha,24,BR-BA,Chikungunya,2020-10,2025-07-22 18:35
sintomas chikungunya,24,BR-BA,Chikungunya,2020-10,2025-07-22 18:35
sintomas da chikungunya,12,BR-BA,Chikungunya,2020-10,2025-07-22 18:35
sintomas de chikungunya,8,BR-BA,Chikungunya,2020-10,2025-07-22 18:35
chicungunha sintomas,6,BR-BA,Chikungunya,2020-10,2025-07-22 18:35
chikungunya tratamento,5,BR-BA,Chikungunya,2020-10,2025-07-22 18:35
chikungunya sequelas,3,BR-BA,Chikungunya,2020-10,2025-07-22 18:35
sintomas da dengue,3,BR-BA,Chikungunya,2020-10,2025-07-22 18:35
sintomas do covid,1,BR-BA,Chikungunya,2020-10,2025-07-22 18:35
chikungunya,100,BR-CE,Chikungunya,2020-10,2025-07-22 18:35
chicungunha,25,BR-CE,Chikungunya,2020-10,2025-07-22 18:35
chikungunya,100,BR-DF,Chikungunya,2020-10,2025-07-22 18:35
chikungunya,100,BR-ES,Chikungunya,2020-10,2025-07-22 18:35
chikungunya sintomas,35,BR-ES,Chikungunya,2020-10,2025-07-22 18:35
chicungunha,32,BR-ES,Chikungunya,2020-10,2025-07-22 18:35
sintomas da chikungunya,13,BR-ES,Chikungunya,2020-10,2025-07-22 18:35
chikungunya,100,BR-GO,Chikungunya,2020-10,2025-07-22 18:35
,,BR-MA,Chikungunya,2020-10,2025-07-22 18:35
chikungunya,100,BR-MG,Chikungunya,2020-10,2025-07-22 18:35
chicungunha,25,BR-MG,Chikungunya,2020-10,2025-07-22 18:35
sintomas de chikungunya,13,BR-MG,Chikungunya,2020-10,2025-07-22 18:35
sintomas de dengue,9,BR-MG,Chikungunya,2020-10,2025-07-22 18:35
,,BR-MS,Chikungunya,2020-10,2025-07-22 18:35
,,BR-MT,Chikungunya,2020-10,2025-07-22 18:35
chikungunya,100,BR-PA,Chikungunya,2020-10,2025-07-22 18:35
chikungunya,100,BR-PB,Chikungunya,2020-10,2025-07-22 18:35
chikungunya,100,BR-PE,Chikungunya,2020-10,2025-07-22 18:35
chikungunya sintomas,28,BR-PE,Chikungunya,2020-10,2025-07-22 18:35
chicungunha,27,BR-PE,Chikungunya,2020-10,2025-07-22 18:35
sintomas de chikungunya,12,BR-PE,Chikungunya,2020-10,2025-07-22 18:35
sintomas da chikungunya,9,BR-PE,Chikungunya,2020-10,2025-07-22 18:35
chikungunya tratamento,9,BR-PE,Chikungunya,2020-10,2025-07-22 18:35
chikungunya sequelas,5,BR-PE,Chikungunya,2020-10,2025-07-22 18:35
chikungunya remedio,4,BR-PE,Chikungunya,2020-10,2025-07-22 18:35
sintomas do covid 19,4,BR-PE,Chikungunya,2020-10,2025-07-22 18:35
chikungunya,100,BR-PI,Chikungunya,2020-10,2025-07-22 18:35
chikungunya,100,BR-PR,Chikungunya,2020-10,2025-07-22 18:35
chicungunha,64,BR-PR,Chikungunya,2020-10,2025-07-22 18:35
chikungunya,100,BR-RJ,Chikungunya,2020-10,2025-07-22 18:35
chicungunha,37,BR-RJ,Chikungunya,2020-10,2025-07-22 18:35
chikungunya sintomas,24,BR-RJ,Chikungunya,2020-10,2025-07-22 18:35
sintomas da chikungunya,9,BR-RJ,Chikungunya,2020-10,2025-07-22 18:35
chicungunha sintomas,7,BR-RJ,Chikungunya,2020-10,2025-07-22 18:35
chikungunya,100,BR-RN,Chikungunya,2020-10,2025-07-22 18:35
,,BR-RO,Chikungunya,2020-10,2025-07-22 18:35
,,BR-RR,Chikungunya,2020-10,2025-07-22 18:35
chikungunya,100,BR-RS,Chikungunya,2020-10,2025-07-22 18:35
chikungunya sintomas,65,BR-RS,Chikungunya,2020-10,2025-07-22 18:35
chikungunya,100,BR-SC,Chikungunya,2020-10,2025-07-22 18:35
chikungunya,100,BR-SE,Chikungunya,2020-10,2025-07-22 18:35
chikungunya sintomas,36,BR-SE,Chikungunya,2020-10,2025-07-22 18:35
chicungunha,26,BR-SE,Chikungunya,2020-10,2025-07-22 18:35
sintomas da chikungunya,13,BR-SE,Chikungunya,2020-10,2025-07-22 18:35
sintomas de chikungunya,8,BR-SE,Chikungunya,2020-10,2025-07-22 18:35
quais os sintomas da chicungunha,6,BR-SE,Chikungunya,2020-10,2025-07-22 18:35
chikungunya,100,BR-SP,Chikungunya,2020-10,2025-07-22 18:35
chikungunya sintomas,27,BR-SP,Chikungunya,2020-10,2025-07-22 18:35
chicungunha,25,BR-SP,Chikungunya,2020-10,2025-07-22 18:35
sintomas dengue,19,BR-SP,Chikungunya,2020-10,2025-07-22 18:35
sintomas de chikungunya,14,BR-SP,Chikungunya,2020-10,2025-07-22 18:35
sintomas da chikungunya,13,BR-SP,Chikungunya,2020-10,2025-07-22 18:35
sintomas da dengue,10,BR-SP,Chikungunya,2020-10,2025-07-22 18:35
chikungunya tratamento,7,BR-SP,Chikungunya,2020-10,2025-07-22 18:35
chikungunha,3,BR-SP,Chikungunya,2020-10,2025-07-22 18:35
,,BR-TO,Chikungunya,2020-10,2025-07-22 18:35
chikungunya,100,BR,Chikungunya,2020-10,2025-07-22 18:35
chicungunha,30,BR,Chikungunya,2020-10,2025-07-22 18:35
chikungunya sintomas,27,BR,Chikungunya,2020-10,2025-07-22 18:35
dengue,26,BR,Chikungunya,2020-10,2025-07-22 18:35
zika,26,BR,Chikungunya,2020-10,2025-07-22 18:35
chikungunya e zika,16,BR,Chikungunya,2020-10,2025-07-22 18:35
dengue e chikungunya,14,BR,Chikungunya,2020-10,2025-07-22 18:35
sintomas da chikungunya,12,BR,Chikungunya,2020-10,2025-07-22 18:35
dengue zika e chikungunya,12,BR,Chikungunya,2020-10,2025-07-22 18:35
sintomas de chikungunya,10,BR,Chikungunya,2020-10,2025-07-22 18:35
dengue sintomas,10,BR,Chikungunya,2020-10,2025-07-22 18:35
sintomas zika,9,BR,Chikungunya,2020-10,2025-07-22 18:35
febre chikungunya,8,BR,Chikungunya,2020-10,2025-07-22 18:35
chicungunha sintomas,7,BR,Chikungunya,2020-10,2025-07-22 18:35
sintomas da dengue,6,BR,Chikungunya,2020-10,2025-07-22 18:35
sintomas da zika,5,BR,Chikungunya,2020-10,2025-07-22 18:35
chikungunya tratamento,5,BR,Chikungunya,2020-10,2025-07-22 18:35
sintomas de dengue,5,BR,Chikungunya,2020-10,2025-07-22 18:35
sintomas de zika,5,BR,Chikungunya,2020-10,2025-07-22 18:35
chikungunya dores,4,BR,Chikungunya,2020-10,2025-07-22 18:35
febre amarela,4,BR,Chikungunya,2020-10,2025-07-22 18:35
sintomas do chikungunya,4,BR,Chikungunya,2020-10,2025-07-22 18:35
sintomas de chicungunha,3,BR,Chikungunya,2020-10,2025-07-22 18:35
aedes aegypti,3,BR,Chikungunya,2020-10,2025-07-22 18:35
chikungunya sequelas,3,BR,Chikungunya,2020-10,2025-07-22 18:35
,,BR-AC,Influenza/gripe,2020-10,2025-07-22 18:35
gripe sintomas,100,BR-AL,Influenza/gripe,2020-10,2025-07-22 18:35
gripe espanhola,55,BR-AL,Influenza/gripe,2020-10,2025-07-22 18:35
sintomas do covid,29,BR-AL,Influenza/gripe,2020-10,2025-07-22 18:35
gripe espanhola,100,BR-AM,Influenza/gripe,2020-10,2025-07-22 18:35
remédio para gripe,71,BR-AM,Influenza/gripe,2020-10,2025-07-22 18:35
remedio para gripe,63,BR-AM,Influenza/gripe,2020-10,2025-07-22 18:35
remédio para gripe infantil,16,BR-AM,Influenza/gripe,2020-10,2025-07-22 18:35
,,BR-AP,Influenza/gripe,2020-10,2025-07-22 18:35
gripe,100,BR-BA,Influenza/gripe,2020-10,2025-07-22 18:35
gripe espanhola,13,BR-BA,Influenza/gripe,2020-10,2025-07-22 18:35
gripe sintomas,11,BR-BA,Influenza/gripe,2020-10,2025-07-22 18:35
remédio para gripe,9,BR-BA,Influenza/gripe,2020-10,2025-07-22 18:35
remedio para gripe,6,BR-BA,Influenza/gripe,2020-10,2025-07-22 18:35
sintomas de gripe,6,BR-BA,Influenza/gripe,2020-10,2025-07-22 18:35
vacina da gripe,5,BR-BA,Influenza/gripe,2020-10,2025-07-22 18:35
influenza,5,BR-BA,Influenza/gripe,2020-10,2025-07-22 18:35
chá para gripe,5,BR-BA,Influenza/gripe,2020-10,2025-07-22 18:35
sintomas da gripe,4,BR-BA,Influenza/gripe,2020-10,2025-07-22 18:35
xarope para gripe,4,BR-BA,Influenza/gripe,2020-10,2025-07-22 18:35
sintomas do covid,3,BR-BA,Influenza/gripe,2020-10,2025-07-22 18:35
covid-19,2,BR-BA,Influenza/gripe,2020-10,2025-07-22 18:35
diferença entre gripe e covid,1,BR-BA,Influenza/gripe,2020-10,2025-07-22 18:35
sintomas da gripe espanhola,1,BR-BA,Influenza/gripe,2020-10,2025-07-22 18:35
diferença entre gripe e resfriado,1,BR-BA,Influenza/gripe,2020-10,2025-07-22 18:35
gripe,100,BR-CE,Influenza/gripe,2020-10,2025-07-22 18:35
gripe espanhola,10,BR-CE,Influenza/gripe,2020-10,2025-07-22 18:35
gripe sintomas,8,BR-CE,Influenza/gripe,2020-10,2025-07-22 18:35
remédio para gripe,5,BR-CE,Influenza/gripe,2020-10,2025-07-22 18:35
sintomas de gripe,4,BR-CE,Influenza/gripe,2020-10,2025-07-22 18:35
sintomas da gripe,3,BR-CE,Influenza/gripe,2020-10,2025-07-22 18:35
sintomas do covid,1,BR-CE,Influenza/gripe,2020-10,2025-07-22 18:35
gripe,100,BR-DF,Influenza/gripe,2020-10,2025-07-22 18:35
gripe espanhola,15,BR-DF,Influenza/gripe,2020-10,2025-07-22 18:35
sintomas da gripe,5,BR-DF,Influenza/gripe,2020-10,2025-07-22 18:35
gripe,100,BR-ES,Influenza/gripe,2020-10,2025-07-22 18:35
gripe espanhola,14,BR-ES,Influenza/gripe,2020-10,2025-07-22 18:35
gripe sintomas,14,BR-ES,Influenza/gripe,2020-10,2025-07-22 18:35
sintomas de gripe,7,BR-ES,Influenza/gripe,2020-10,2025-07-22 18:35
gripe,100,BR-GO,Influenza/gripe,2020-10,2025-07-22 18:35
gripe espanhola,12,BR-GO,Influenza/gripe,2020-10,2025-07-22 18:35
remedio para gripe,7,BR-GO,Influenza/gripe,2020-10,2025-07-22 18:35
sintomas de gripe,4,BR-GO,Influenza/gripe,2020-10,2025-07-22 18:35
sintomas covid,4,BR-GO,Influenza/gripe,2020-10,2025-07-22 18:35
sintomas da gripe,3,BR-GO,Influenza/gripe,2020-10,2025-07-22 18:35
diferença entre gripe e covid,1,BR-GO,Influenza/gripe,2020-10,2025-07-22 18:35
peste negra,1,BR-GO,Influenza/gripe,2020-10,2025-07-22 18:35
gripe,100,BR-MA,Influenza/gripe,2020-10,2025-07-22 18:35
gripe espanhola,9,BR-MA,Influenza/gripe,2020-10,2025-07-22 18:35
gripe,100,BR-MG,Influenza/gripe,2020-10,2025-07-22 18:35
gripe espanhola,16,BR-MG,Influenza/gripe,2020-10,2025-07-22 18:35
gripe sintomas,14,BR-MG,Influenza/gripe,2020-10,2025-07-22 18:35
sintomas de gripe,7,BR-MG,Influenza/gripe,2020-10,2025-07-22 18:35
resfriado,6,BR-MG,Influenza/gripe,2020-10,2025-07-22 18:35
sintomas covid,6,BR-MG,Influenza/gripe,2020-10,2025-07-22 18:35
remédio para gripe,5,BR-MG,Influenza/gripe,2020-10,2025-07-22 18:35
remedio para gripe,5,BR-MG,Influenza/gripe,2020-10,2025-07-22 18:35
chá para gripe,5,BR-MG,Influenza/gripe,2020-10,2025-07-22 18:35
coronavirus,4,BR-MG,Influenza/gripe,2020-10,2025-07-22 18:35
sintomas da gripe,3,BR-MG,Influenza/gripe,2020-10,2025-07-22 18:35
cha para gripe,3,BR-MG,Influenza/gripe,2020-10,2025-07-22 18:35
a educação física como disciplina,3,BR-MG,Influenza/gripe,2020-10,2025-07-22 18:35
gripe e aids são doenças,2,BR-MG,Influenza/gripe,2020-10,2025-07-22 18:35
cha pra gripe,2,BR-MG,Influenza/gripe,2020-10,2025-07-22 18:35
peste negra,2,BR-MG,Influenza/gripe,2020-10,2025-07-22 18:35
gripe alergica,2,BR-MG,Influenza/gripe,2020-10,2025-07-22 18:35
gripe espanhola mortes,1,BR-MG,Influenza/gripe,2020-10,2025-07-22 18:35
as tecnologias também fazem parte do universo das atividades físicas e esportivas,1,BR-MG,Influenza/gripe,2020-10,2025-07-22 18:35
covid-19,1,BR-MG,Influenza/gripe,2020-10,2025-07-22 18:35
quando foi a gripe espanhola,1,BR-MG,Influenza/gripe,2020-10,2025-07-22 18:35
quanto tempo durou a gripe espanhola,1,BR-MG,Influenza/gripe,2020-10,2025-07-22 18:35
o desenvolvimento das capacidades físicas,1,BR-MG,Influenza/gripe,2020-10,2025-07-22 18:35
a pratica de atividade fisica regular,1,BR-MG,Influenza/gripe,2020-10,2025-07-22 18:35
o que é bom para gripe,1,BR-MG,Influenza/gripe,2020-10,2025-07-22 18:35
gripe espanhola,100,BR-MS,Influenza/gripe,2020-10,2025-07-22 18:35
sintomas de gripe,60,BR-MS,Influenza/gripe,2020-10,2025-07-22 18:35
sintomas covid,58,BR-MS,Influenza/gripe,2020-10,2025-07-22 18:35
chá para gripe,10,BR-MS,Influenza/gripe,2020-10,2025-07-22 18:35
gripe,100,BR-MT,Influenza/gripe,2020-10,2025-07-22 18:35
gripe sintomas,14,BR-MT,Influenza/gripe,2020-10,2025-07-22 18:35
remédio para gripe,7,BR-MT,Influenza/gripe,2020-10,2025-07-22 18:35
gripe espanhola,6,BR-MT,Influenza/gripe,2020-10,2025-07-22 18:35
sintomas covid,4,BR-MT,Influenza/gripe,2020-10,2025-07-22 18:35
cha caseiro para gripe,2,BR-MT,Influenza/gripe,2020-10,2025-07-22 18:35
gripe,100,BR-PA,Influenza/gripe,2020-10,2025-07-22 18:35
gripe espanhola,9,BR-PA,Influenza/gripe,2020-10,2025-07-22 18:35
remédio para gripe,8,BR-PA,Influenza/gripe,2020-10,2025-07-22 18:35
remedio para gripe,8,BR-PA,Influenza/gripe,2020-10,2025-07-22 18:35
sintomas de gripe,5,BR-PA,Influenza/gripe,2020-10,2025-07-22 18:35
gripe,100,BR-PB,Influenza/gripe,2020-10,2025-07-22 18:35
gripe sintomas,15,BR-PB,Influenza/gripe,2020-10,2025-07-22 18:35
gripe espanhola,8,BR-PB,Influenza/gripe,2020-10,2025-07-22 18:35
gripe,100,BR-PE,Influenza/gripe,2020-10,2025-07-22 18:35
gripe sintomas,13,BR-PE,Influenza/gripe,2020-10,2025-07-22 18:35
gripe espanhola,11,BR-PE,Influenza/gripe,2020-10,2025-07-22 18:35
remedio para gripe,7,BR-PE,Influenza/gripe,2020-10,2025-07-22 18:35
sintomas de gripe,6,BR-PE,Influenza/gripe,2020-10,2025-07-22 18:35
sintomas da gripe,5,BR-PE,Influenza/gripe,2020-10,2025-07-22 18:35
chá para gripe,4,BR-PE,Influenza/gripe,2020-10,2025-07-22 18:35
remedio para gripe infantil,2,BR-PE,Influenza/gripe,2020-10,2025-07-22 18:35
peste negra,1,BR-PE,Influenza/gripe,2020-10,2025-07-22 18:35
gripe,100,BR-PI,Influenza/gripe,2020-10,2025-07-22 18:35
gripe,100,BR-PR,Influenza/gripe,2020-10,2025-07-22 18:35
sintomas gripe,16,BR-PR,Influenza/gripe,2020-10,2025-07-22 18:35
gripe espanhola,12,BR-PR,Influenza/gripe,2020-10,2025-07-22 18:35
sintomas de gripe,8,BR-PR,Influenza/gripe,2020-10,2025-07-22 18:35
remedio para gripe,6,BR-PR,Influenza/gripe,2020-10,2025-07-22 18:35
sintomas covid,6,BR-PR,Influenza/gripe,2020-10,2025-07-22 18:35
chá para gripe,4,BR-PR,Influenza/gripe,2020-10,2025-07-22 18:35
coronavirus,3,BR-PR,Influenza/gripe,2020-10,2025-07-22 18:35
sintomas da gripe,3,BR-PR,Influenza/gripe,2020-10,2025-07-22 18:35
peste negra,3,BR-PR,Influenza/gripe,2020-10,2025-07-22 18:35
quanto tempo durou a gripe espanhola,2,BR-PR,Influenza/gripe,2020-10,2025-07-22 18:35
cha caseiro para gripe,1,BR-PR,Influenza/gripe,2020-10,2025-07-22 18:35
chá para gripe caseiro,1,BR-PR,Influenza/gripe,2020-10,2025-07-22 18:35
remedio para gripe infantil,1,BR-PR,Influenza/gripe,2020-10,2025-07-22 18:35
gripe,100,BR-RJ,Influenza/gripe,2020-10,2025-07-22 18:35
gripe espanhola,21,BR-RJ,Influenza/gripe,2020-10,2025-07-22 18:35
vacina,15,BR-RJ,Influenza/gripe,2020-10,2025-07-22 18:35
gripe sintomas,14,BR-RJ,Influenza/gripe,2020-10,2025-07-22 18:35
resfriado,11,BR-RJ,Influenza/gripe,2020-10,2025-07-22 18:35
influenza,8,BR-RJ,Influenza/gripe,2020-10,2025-07-22 18:35
vacina da gripe,7,BR-RJ,Influenza/gripe,2020-10,2025-07-22 18:35
sintomas covid,7,BR-RJ,Influenza/gripe,2020-10,2025-07-22 18:35
remedio para gripe,7,BR-RJ,Influenza/gripe,2020-10,2025-07-22 18:35
sintomas de gripe,6,BR-RJ,Influenza/gripe,2020-10,2025-07-22 18:35
remédio para gripe,5,BR-RJ,Influenza/gripe,2020-10,2025-07-22 18:35
resfriado e gripe,5,BR-RJ,Influenza/gripe,2020-10,2025-07-22 18:35
sintomas da gripe,4,BR-RJ,Influenza/gripe,2020-10,2025-07-22 18:35
chá para gripe,3,BR-RJ,Influenza/gripe,2020-10,2025-07-22 18:35
vacina influenza,3,BR-RJ,Influenza/gripe,2020-10,2025-07-22 18:35
influenza a,3,BR-RJ,Influenza/gripe,2020-10,2025-07-22 18:35
gripe espanhola mortes,2,BR-RJ,Influenza/gripe,2020-10,2025-07-22 18:35
sintomas do covid 19,2,BR-RJ,Influenza/gripe,2020-10,2025-07-22 18:35
peste negra,2,BR-RJ,Influenza/gripe,2020-10,2025-07-22 18:35
covid-19,1,BR-RJ,Influenza/gripe,2020-10,2025-07-22 18:35
remedio para gripe infantil,1,BR-RJ,Influenza/gripe,2020-10,2025-07-22 18:35
remedio pra gripe,1,BR-RJ,Influenza/gripe,2020-10,2025-07-22 18:35
gripe espanhola de 1918,1,BR-RJ,Influenza/gripe,2020-10,2025-07-22 18:35
gripe espanhola durou quanto tempo,1,BR-RJ,Influenza/gripe,2020-10,2025-07-22 18:35
gripe espanhola sintomas,1,BR-RJ,Influenza/gripe,2020-10,2025-07-22 18:35
gripe,100,BR-RN,Influenza/gripe,2020-10,2025-07-22 18:35
gripe espanhola,10,BR-RN,Influenza/gripe,2020-10,2025-07-22 18:35
sintomas de gripe,10,BR-RN,Influenza/gripe,2020-10,2025-07-22 18:35
,,BR-RO,Influenza/gripe,2020-10,2025-07-22 18:35
,,BR-RR,Influenza/gripe,2020-10,2025-07-22 18:35
gripe,100,BR-RS,Influenza/gripe,2020-10,2025-07-22 18:35
gripe espanhola,18,BR-RS,Influenza/gripe,2020-10,2025-07-22 18:35
gripe sintomas,12,BR-RS,Influenza/gripe,2020-10,2025-07-22 18:35
sintomas covid,6,BR-RS,Influenza/gripe,2020-10,2025-07-22 18:35
sintomas de gripe,6,BR-RS,Influenza/gripe,2020-10,2025-07-22 18:35
influenza,5,BR-RS,Influenza/gripe,2020-10,2025-07-22 18:35
chá para gripe,4,BR-RS,Influenza/gripe,2020-10,2025-07-22 18:35
coronavirus,4,BR-RS,Influenza/gripe,2020-10,2025-07-22 18:35
cha para gripe,3,BR-RS,Influenza/gripe,2020-10,2025-07-22 18:35
sintomas da gripe,3,BR-RS,Influenza/gripe,2020-10,2025-07-22 18:35
peste negra,3,BR-RS,Influenza/gripe,2020-10,2025-07-22 18:35
covid-19,2,BR-RS,Influenza/gripe,2020-10,2025-07-22 18:35
gripe espanhola mortes,2,BR-RS,Influenza/gripe,2020-10,2025-07-22 18:35
diferença entre gripe e covid,1,BR-RS,Influenza/gripe,2020-10,2025-07-22 18:35
quanto tempo durou a gripe espanhola,1,BR-RS,Influenza/gripe,2020-10,2025-07-22 18:35
gripo,1,BR-RS,Influenza/gripe,2020-10,2025-07-22 18:35
remedio pra gripe,1,BR-RS,Influenza/gripe,2020-10,2025-07-22 18:35
peste bubonica,1,BR-RS,Influenza/gripe,2020-10,2025-07-22 18:35
gripe,100,BR-SC,Influenza/gripe,2020-10,2025-07-22 18:35
gripe sintomas,15,BR-SC,Influenza/gripe,2020-10,2025-07-22 18:35
gripe espanhola,11,BR-SC,Influenza/gripe,2020-10,2025-07-22 18:35
sintomas de gripe,8,BR-SC,Influenza/gripe,2020-10,2025-07-22 18:35
sintomas covid,7,BR-SC,Influenza/gripe,2020-10,2025-07-22 18:35
remedio para gripe,6,BR-SC,Influenza/gripe,2020-10,2025-07-22 18:35
chá para gripe,5,BR-SC,Influenza/gripe,2020-10,2025-07-22 18:35
cha para gripe,5,BR-SC,Influenza/gripe,2020-10,2025-07-22 18:35
remédio para gripe,4,BR-SC,Influenza/gripe,2020-10,2025-07-22 18:35
sintomas da gripe,4,BR-SC,Influenza/gripe,2020-10,2025-07-22 18:35
sintomas de covid,2,BR-SC,Influenza/gripe,2020-10,2025-07-22 18:35
peste negra,1,BR-SC,Influenza/gripe,2020-10,2025-07-22 18:35
gripe espanhola,100,BR-SE,Influenza/gripe,2020-10,2025-07-22 18:35
sintomas de gripe,93,BR-SE,Influenza/gripe,2020-10,2025-07-22 18:35
gripe,100,BR-SP,Influenza/gripe,2020-10,2025-07-22 18:35
gripe espanhola,14,BR-SP,Influenza/gripe,2020-10,2025-07-22 18:35
vacina,13,BR-SP,Influenza/gripe,2020-10,2025-07-22 18:35
covid,12,BR-SP,Influenza/gripe,2020-10,2025-07-22 18:35
sintomas gripe,11,BR-SP,Influenza/gripe,2020-10,2025-07-22 18:35
remedio gripe,8,BR-SP,Influenza/gripe,2020-10,2025-07-22 18:35
vacina da gripe,7,BR-SP,Influenza/gripe,2020-10,2025-07-22 18:35
sintomas de gripe,6,BR-SP,Influenza/gripe,2020-10,2025-07-22 18:35
influenza,6,BR-SP,Influenza/gripe,2020-10,2025-07-22 18:35
remedio para gripe,6,BR-SP,Influenza/gripe,2020-10,2025-07-22 18:35
resfriado,5,BR-SP,Influenza/gripe,2020-10,2025-07-22 18:35
remédio gripe,5,BR-SP,Influenza/gripe,2020-10,2025-07-22 18:35
covid sintomas,5,BR-SP,Influenza/gripe,2020-10,2025-07-22 18:35
remédio para gripe,4,BR-SP,Influenza/gripe,2020-10,2025-07-22 18:35
chá para gripe,4,BR-SP,Influenza/gripe,2020-10,2025-07-22 18:35
sintomas da gripe,3,BR-SP,Influenza/gripe,2020-10,2025-07-22 18:35
o que é gripe a,3,BR-SP,Influenza/gripe,2020-10,2025-07-22 18:35
gripe e resfriado,3,BR-SP,Influenza/gripe,2020-10,2025-07-22 18:35
cha para gripe,3,BR-SP,Influenza/gripe,2020-10,2025-07-22 18:35
sintomas de covid,3,BR-SP,Influenza/gripe,2020-10,2025-07-22 18:35
h1n1,2,BR-SP,Influenza/gripe,2020-10,2025-07-22 18:35
gripe forte,2,BR-SP,Influenza/gripe,2020-10,2025-07-22 18:35
mortes gripe espanhola,2,BR-SP,Influenza/gripe,2020-10,2025-07-22 18:35
dor de garganta,2,BR-SP,Influenza/gripe,2020-10,2025-07-22 18:35
remédio para gripe caseiro,1,BR-SP,Influenza/gripe,2020-10,2025-07-22 18:35
gripe,100,BR-TO,Influenza/gripe,2020-10,2025-07-22 18:35
gripe,100,BR,Influenza/gripe,2020-10,2025-07-22 18:35
gripe a,20,BR,Influenza/gripe,2020-10,2025-07-22 18:35
gripe espanhola,11,BR,Influenza/gripe,2020-10,2025-07-22 18:35
covid,10,BR,Influenza/gripe,2020-10,2025-07-22 18:35
sintomas gripe,10,BR,Influenza/gripe,2020-10,2025-07-22 18:35
gripe covid,9,BR,Influenza/gripe,2020-10,2025-07-22 18:35
vacina,9,BR,Influenza/gripe,2020-10,2025-07-22 18:35
vacina gripe,7,BR,Influenza/gripe,2020-10,2025-07-22 18:35
sintomas de gripe,6,BR,Influenza/gripe,2020-10,2025-07-22 18:35
remédio gripe,6,BR,Influenza/gripe,2020-10,2025-07-22 18:35
influenza,6,BR,Influenza/gripe,2020-10,2025-07-22 18:35
remedio para gripe,5,BR,Influenza/gripe,2020-10,2025-07-22 18:35
o que é gripe,5,BR,Influenza/gripe,2020-10,2025-07-22 18:35
vacina da gripe,5,BR,Influenza/gripe,2020-10,2025-07-22 18:35
sintomas covid,5,BR,Influenza/gripe,2020-10,2025-07-22 18:35
resfriado,5,BR,Influenza/gripe,2020-10,2025-07-22 18:35
remédio para gripe,5,BR,Influenza/gripe,2020-10,2025-07-22 18:35
chá para gripe,4,BR,Influenza/gripe,2020-10,2025-07-22 18:35
sintomas da gripe,3,BR,Influenza/gripe,2020-10,2025-07-22 18:35
o que é gripe a,3,BR,Influenza/gripe,2020-10,2025-07-22 18:35
febre,3,BR,Influenza/gripe,2020-10,2025-07-22 18:35
flu,3,BR,Influenza/gripe,2020-10,2025-07-22 18:35
cha para gripe,3,BR,Influenza/gripe,2020-10,2025-07-22 18:35
resfriado e gripe,3,BR,Influenza/gripe,2020-10,2025-07-22 18:35
remedio de gripe,3,BR,Influenza/gripe,2020-10,2025-07-22 18:35
covid 19,100,BR-AC,COVID-19,2020-10,2025-07-22 18:36
covid acre,76,BR-AC,COVID-19,2020-10,2025-07-22 18:36
sintomas covid,56,BR-AC,COVID-19,2020-10,2025-07-22 18:36
sintomas do covid,24,BR-AC,COVID-19,2020-10,2025-07-22 18:36
vacina covid,17,BR-AC,COVID-19,2020-10,2025-07-22 18:36
alagoas covid,100,BR-AL,COVID-19,2020-10,2025-07-22 18:36
covid 19,99,BR-AL,COVID-19,2020-10,2025-07-22 18:36
sintomas covid,90,BR-AL,COVID-19,2020-10,2025-07-22 18:36
sintomas do covid,55,BR-AL,COVID-19,2020-10,2025-07-22 18:36
covid brasil,51,BR-AL,COVID-19,2020-10,2025-07-22 18:36
vacina covid,45,BR-AL,COVID-19,2020-10,2025-07-22 18:36
covid em alagoas,33,BR-AL,COVID-19,2020-10,2025-07-22 18:36
covid maceio,30,BR-AL,COVID-19,2020-10,2025-07-22 18:36
covid 19 alagoas,21,BR-AL,COVID-19,2020-10,2025-07-22 18:36
sintomas de covid,21,BR-AL,COVID-19,2020-10,2025-07-22 18:36
boletim covid alagoas,17,BR-AL,COVID-19,2020-10,2025-07-22 18:36
sintomas da covid,14,BR-AL,COVID-19,2020-10,2025-07-22 18:36
covid al,11,BR-AL,COVID-19,2020-10,2025-07-22 18:36
covid em alagoas hoje,10,BR-AL,COVID-19,2020-10,2025-07-22 18:36
mortes covid brasil,10,BR-AL,COVID-19,2020-10,2025-07-22 18:36
covid europa,9,BR-AL,COVID-19,2020-10,2025-07-22 18:36
teste rapido covid,9,BR-AL,COVID-19,2020-10,2025-07-22 18:36
boletim covid 19 alagoas,8,BR-AL,COVID-19,2020-10,2025-07-22 18:36
covid 19 em alagoas,7,BR-AL,COVID-19,2020-10,2025-07-22 18:36
covid no mundo,7,BR-AL,COVID-19,2020-10,2025-07-22 18:36
casos de covid em alagoas,6,BR-AL,COVID-19,2020-10,2025-07-22 18:36
trump covid,5,BR-AL,COVID-19,2020-10,2025-07-22 18:36
sintomas do covid 19,5,BR-AL,COVID-19,2020-10,2025-07-22 18:36
covid brasil hoje,4,BR-AL,COVID-19,2020-10,2025-07-22 18:36
mortes covid mundo,3,BR-AL,COVID-19,2020-10,2025-07-22 18:36
covid manaus,100,BR-AM,COVID-19,2020-10,2025-07-22 18:36
covid 19,95,BR-AM,COVID-19,2020-10,2025-07-22 18:36
sintomas covid,76,BR-AM,COVID-19,2020-10,2025-07-22 18:36
teste covid,45,BR-AM,COVID-19,2020-10,2025-07-22 18:36
covid amazonas,38,BR-AM,COVID-19,2020-10,2025-07-22 18:36
covid em manaus,31,BR-AM,COVID-19,2020-10,2025-07-22 18:36
sintomas do covid,28,BR-AM,COVID-19,2020-10,2025-07-22 18:36
sintomas covid 19,26,BR-AM,COVID-19,2020-10,2025-07-22 18:36
covid brasil,24,BR-AM,COVID-19,2020-10,2025-07-22 18:36
sintomas de covid,23,BR-AM,COVID-19,2020-10,2025-07-22 18:36
covid vacina,22,BR-AM,COVID-19,2020-10,2025-07-22 18:36
teste covid manaus,19,BR-AM,COVID-19,2020-10,2025-07-22 18:36
sintomas do covid 19,16,BR-AM,COVID-19,2020-10,2025-07-22 18:36
covid 19 amazonas,14,BR-AM,COVID-19,2020-10,2025-07-22 18:36
covid 19 manaus,13,BR-AM,COVID-19,2020-10,2025-07-22 18:36
covid manaus hoje,11,BR-AM,COVID-19,2020-10,2025-07-22 18:36
sintomas da covid,10,BR-AM,COVID-19,2020-10,2025-07-22 18:36
covid no brasil,10,BR-AM,COVID-19,2020-10,2025-07-22 18:36
covid no amazonas,9,BR-AM,COVID-19,2020-10,2025-07-22 18:36
teste rapido covid,8,BR-AM,COVID-19,2020-10,2025-07-22 18:36
covid no mundo,8,BR-AM,COVID-19,2020-10,2025-07-22 18:36
pcr covid,8,BR-AM,COVID-19,2020-10,2025-07-22 18:36
teste de covid manaus,7,BR-AM,COVID-19,2020-10,2025-07-22 18:36
covid-19 manaus,6,BR-AM,COVID-19,2020-10,2025-07-22 18:36
sintomas de covid 19,6,BR-AM,COVID-19,2020-10,2025-07-22 18:36
sintomas covid,100,BR-AP,COVID-19,2020-10,2025-07-22 18:36
sintomas do covid,59,BR-AP,COVID-19,2020-10,2025-07-22 18:36
covid macapa,57,BR-AP,COVID-19,2020-10,2025-07-22 18:36
covid amapa,29,BR-AP,COVID-19,2020-10,2025-07-22 18:36
vacina covid,24,BR-AP,COVID-19,2020-10,2025-07-22 18:36
covid 19,100,BR-BA,COVID-19,2020-10,2025-07-22 18:36
covid sintomas,77,BR-BA,COVID-19,2020-10,2025-07-22 18:36
sintomas do covid,44,BR-BA,COVID-19,2020-10,2025-07-22 18:36
covid brasil,39,BR-BA,COVID-19,2020-10,2025-07-22 18:36
vacina,39,BR-BA,COVID-19,2020-10,2025-07-22 18:36
vacina covid,38,BR-BA,COVID-19,2020-10,2025-07-22 18:36
bahia covid,37,BR-BA,COVID-19,2020-10,2025-07-22 18:36
teste covid,30,BR-BA,COVID-19,2020-10,2025-07-22 18:36
salvador covid,29,BR-BA,COVID-19,2020-10,2025-07-22 18:36
sintomas de covid,19,BR-BA,COVID-19,2020-10,2025-07-22 18:36
casos covid,17,BR-BA,COVID-19,2020-10,2025-07-22 18:36
covid no brasil,16,BR-BA,COVID-19,2020-10,2025-07-22 18:36
sintomas da covid,16,BR-BA,COVID-19,2020-10,2025-07-22 18:36
covid 19 sintomas,15,BR-BA,COVID-19,2020-10,2025-07-22 18:36
mortes covid,14,BR-BA,COVID-19,2020-10,2025-07-22 18:36
teste de covid,12,BR-BA,COVID-19,2020-10,2025-07-22 18:36
covid em salvador,12,BR-BA,COVID-19,2020-10,2025-07-22 18:36
covid 19 bahia,12,BR-BA,COVID-19,2020-10,2025-07-22 18:36
covid mundo,12,BR-BA,COVID-19,2020-10,2025-07-22 18:36
exame covid,12,BR-BA,COVID-19,2020-10,2025-07-22 18:36
covid na bahia,10,BR-BA,COVID-19,2020-10,2025-07-22 18:36
teste rapido covid,8,BR-BA,COVID-19,2020-10,2025-07-22 18:36
vacina covid 19,7,BR-BA,COVID-19,2020-10,2025-07-22 18:36
mortes covid brasil,7,BR-BA,COVID-19,2020-10,2025-07-22 18:36
covid 19 brasil,7,BR-BA,COVID-19,2020-10,2025-07-22 18:36
covid 19,100,BR-CE,COVID-19,2020-10,2025-07-22 18:36
sintomas covid,84,BR-CE,COVID-19,2020-10,2025-07-22 18:36
covid fortaleza,72,BR-CE,COVID-19,2020-10,2025-07-22 18:36
ceara covid,62,BR-CE,COVID-19,2020-10,2025-07-22 18:36
teste covid,60,BR-CE,COVID-19,2020-10,2025-07-22 18:36
brasil covid,47,BR-CE,COVID-19,2020-10,2025-07-22 18:36
sintomas do covid,44,BR-CE,COVID-19,2020-10,2025-07-22 18:36
vacina covid,40,BR-CE,COVID-19,2020-10,2025-07-22 18:36
exame covid,33,BR-CE,COVID-19,2020-10,2025-07-22 18:36
casos covid,31,BR-CE,COVID-19,2020-10,2025-07-22 18:36
covid hoje,27,BR-CE,COVID-19,2020-10,2025-07-22 18:36
covid em fortaleza,26,BR-CE,COVID-19,2020-10,2025-07-22 18:36
resultado covid,24,BR-CE,COVID-19,2020-10,2025-07-22 18:36
sintomas de covid,24,BR-CE,COVID-19,2020-10,2025-07-22 18:36
teste de covid,22,BR-CE,COVID-19,2020-10,2025-07-22 18:36
mortes covid,21,BR-CE,COVID-19,2020-10,2025-07-22 18:36
covid no brasil,20,BR-CE,COVID-19,2020-10,2025-07-22 18:36
covid ceará,19,BR-CE,COVID-19,2020-10,2025-07-22 18:36
teste covid fortaleza,18,BR-CE,COVID-19,2020-10,2025-07-22 18:36
sintomas covid 19,18,BR-CE,COVID-19,2020-10,2025-07-22 18:36
covid mundo,17,BR-CE,COVID-19,2020-10,2025-07-22 18:36
covid no ceara,17,BR-CE,COVID-19,2020-10,2025-07-22 18:36
sintomas da covid,14,BR-CE,COVID-19,2020-10,2025-07-22 18:36
teste rapido covid,10,BR-CE,COVID-19,2020-10,2025-07-22 18:36
covid no mundo,10,BR-CE,COVID-19,2020-10,2025-07-22 18:36
covid df,100,BR-DF,COVID-19,2020-10,2025-07-22 18:36
covid 19,88,BR-DF,COVID-19,2020-10,2025-07-22 18:36
covid sintomas,75,BR-DF,COVID-19,2020-10,2025-07-22 18:36
teste covid,53,BR-DF,COVID-19,2020-10,2025-07-22 18:36
covid brasil,51,BR-DF,COVID-19,2020-10,2025-07-22 18:36
vacina,48,BR-DF,COVID-19,2020-10,2025-07-22 18:36
vacina covid,46,BR-DF,COVID-19,2020-10,2025-07-22 18:36
exame covid,33,BR-DF,COVID-19,2020-10,2025-07-22 18:36
covid no df,32,BR-DF,COVID-19,2020-10,2025-07-22 18:36
brasilia covid,30,BR-DF,COVID-19,2020-10,2025-07-22 18:36
mortes covid,25,BR-DF,COVID-19,2020-10,2025-07-22 18:36
sabin covid,23,BR-DF,COVID-19,2020-10,2025-07-22 18:36
covid hoje,21,BR-DF,COVID-19,2020-10,2025-07-22 18:36
teste de covid,19,BR-DF,COVID-19,2020-10,2025-07-22 18:36
sintomas de covid,19,BR-DF,COVID-19,2020-10,2025-07-22 18:36
covid mundo,18,BR-DF,COVID-19,2020-10,2025-07-22 18:36
covid 19 df,18,BR-DF,COVID-19,2020-10,2025-07-22 18:36
covid no brasil,17,BR-DF,COVID-19,2020-10,2025-07-22 18:36
pcr covid,14,BR-DF,COVID-19,2020-10,2025-07-22 18:36
sintomas do covid,12,BR-DF,COVID-19,2020-10,2025-07-22 18:36
covid df painel,12,BR-DF,COVID-19,2020-10,2025-07-22 18:36
covid no mundo,11,BR-DF,COVID-19,2020-10,2025-07-22 18:36
sintomas da covid,10,BR-DF,COVID-19,2020-10,2025-07-22 18:36
teste rapido covid,10,BR-DF,COVID-19,2020-10,2025-07-22 18:36
teste covid df,10,BR-DF,COVID-19,2020-10,2025-07-22 18:36
covid 19,100,BR-ES,COVID-19,2020-10,2025-07-22 18:36
es covid,96,BR-ES,COVID-19,2020-10,2025-07-22 18:36
covid sintomas,87,BR-ES,COVID-19,2020-10,2025-07-22 18:36
covid brasil,41,BR-ES,COVID-19,2020-10,2025-07-22 18:36
teste covid,40,BR-ES,COVID-19,2020-10,2025-07-22 18:36
vacina,38,BR-ES,COVID-19,2020-10,2025-07-22 18:36
vacina covid,38,BR-ES,COVID-19,2020-10,2025-07-22 18:36
painel covid,32,BR-ES,COVID-19,2020-10,2025-07-22 18:36
painel covid es,25,BR-ES,COVID-19,2020-10,2025-07-22 18:36
sintomas de covid,22,BR-ES,COVID-19,2020-10,2025-07-22 18:36
sintomas do covid,20,BR-ES,COVID-19,2020-10,2025-07-22 18:36
covid 19 sintomas,20,BR-ES,COVID-19,2020-10,2025-07-22 18:36
mortes covid,19,BR-ES,COVID-19,2020-10,2025-07-22 18:36
covid no brasil,18,BR-ES,COVID-19,2020-10,2025-07-22 18:36
covid 19 es,17,BR-ES,COVID-19,2020-10,2025-07-22 18:36
teste de covid,16,BR-ES,COVID-19,2020-10,2025-07-22 18:36
covid no es,16,BR-ES,COVID-19,2020-10,2025-07-22 18:36
espirito santo covid,15,BR-ES,COVID-19,2020-10,2025-07-22 18:36
sintomas da covid,15,BR-ES,COVID-19,2020-10,2025-07-22 18:36
covid mundo,12,BR-ES,COVID-19,2020-10,2025-07-22 18:36
covid espírito santo,12,BR-ES,COVID-19,2020-10,2025-07-22 18:36
mapa covid es,11,BR-ES,COVID-19,2020-10,2025-07-22 18:36
sintomas do covid 19,10,BR-ES,COVID-19,2020-10,2025-07-22 18:36
teste rapido covid,9,BR-ES,COVID-19,2020-10,2025-07-22 18:36
covid no mundo,8,BR-ES,COVID-19,2020-10,2025-07-22 18:36
covid 19,100,BR-GO,COVID-19,2020-10,2025-07-22 18:36
sintomas covid,95,BR-GO,COVID-19,2020-10,2025-07-22 18:36
teste covid,56,BR-GO,COVID-19,2020-10,2025-07-22 18:36
brasil covid,56,BR-GO,COVID-19,2020-10,2025-07-22 18:36
covid goiania,55,BR-GO,COVID-19,2020-10,2025-07-22 18:36
vacina,54,BR-GO,COVID-19,2020-10,2025-07-22 18:36
vacina covid,52,BR-GO,COVID-19,2020-10,2025-07-22 18:36
covid goias,38,BR-GO,COVID-19,2020-10,2025-07-22 18:36
exame covid,31,BR-GO,COVID-19,2020-10,2025-07-22 18:36
sintomas de covid,28,BR-GO,COVID-19,2020-10,2025-07-22 18:36
covid no brasil,23,BR-GO,COVID-19,2020-10,2025-07-22 18:36
teste de covid,23,BR-GO,COVID-19,2020-10,2025-07-22 18:36
mortes covid,23,BR-GO,COVID-19,2020-10,2025-07-22 18:36
covid hoje,22,BR-GO,COVID-19,2020-10,2025-07-22 18:36
sintomas do covid,21,BR-GO,COVID-19,2020-10,2025-07-22 18:36
teste covid goiania,21,BR-GO,COVID-19,2020-10,2025-07-22 18:36
sintomas da covid,18,BR-GO,COVID-19,2020-10,2025-07-22 18:36
covid mundo,18,BR-GO,COVID-19,2020-10,2025-07-22 18:36
sintomas covid 19,18,BR-GO,COVID-19,2020-10,2025-07-22 18:36
covid em goiania,16,BR-GO,COVID-19,2020-10,2025-07-22 18:36
covid goiânia,13,BR-GO,COVID-19,2020-10,2025-07-22 18:36
covid em goias,13,BR-GO,COVID-19,2020-10,2025-07-22 18:36
casos de covid,13,BR-GO,COVID-19,2020-10,2025-07-22 18:36
teste rapido covid,12,BR-GO,COVID-19,2020-10,2025-07-22 18:36
covid goiás,11,BR-GO,COVID-19,2020-10,2025-07-22 18:36
covid 19,100,BR-MA,COVID-19,2020-10,2025-07-22 18:36
sintomas covid,72,BR-MA,COVID-19,2020-10,2025-07-22 18:36
covid brasil,41,BR-MA,COVID-19,2020-10,2025-07-22 18:36
sintomas do covid,39,BR-MA,COVID-19,2020-10,2025-07-22 18:36
vacina covid,32,BR-MA,COVID-19,2020-10,2025-07-22 18:36
sintomas de covid,21,BR-MA,COVID-19,2020-10,2025-07-22 18:36
covid maranhão,20,BR-MA,COVID-19,2020-10,2025-07-22 18:36
covid mundo,14,BR-MA,COVID-19,2020-10,2025-07-22 18:36
covid maranhao,12,BR-MA,COVID-19,2020-10,2025-07-22 18:36
sintomas da covid,9,BR-MA,COVID-19,2020-10,2025-07-22 18:36
pcr covid,8,BR-MA,COVID-19,2020-10,2025-07-22 18:36
covid no maranhão,8,BR-MA,COVID-19,2020-10,2025-07-22 18:36
sintomas do covid 19,7,BR-MA,COVID-19,2020-10,2025-07-22 18:36
sintomas da covid 19,5,BR-MA,COVID-19,2020-10,2025-07-22 18:36
teste rapido covid,5,BR-MA,COVID-19,2020-10,2025-07-22 18:36
mortes covid brasil,5,BR-MA,COVID-19,2020-10,2025-07-22 18:36
cid covid,5,BR-MA,COVID-19,2020-10,2025-07-22 18:36
covid teresina,5,BR-MA,COVID-19,2020-10,2025-07-22 18:36
segunda onda covid,5,BR-MA,COVID-19,2020-10,2025-07-22 18:36
covid europa,4,BR-MA,COVID-19,2020-10,2025-07-22 18:36
mortes covid mundo,4,BR-MA,COVID-19,2020-10,2025-07-22 18:36
reinfecção covid,4,BR-MA,COVID-19,2020-10,2025-07-22 18:36
boletim covid maranhão,3,BR-MA,COVID-19,2020-10,2025-07-22 18:36
teste de covid em sao luis,3,BR-MA,COVID-19,2020-10,2025-07-22 18:36
covid piaui,3,BR-MA,COVID-19,2020-10,2025-07-22 18:36
covid 19,100,BR-MG,COVID-19,2020-10,2025-07-22 18:36
sintomas covid,87,BR-MG,COVID-19,2020-10,2025-07-22 18:36
brasil covid,58,BR-MG,COVID-19,2020-10,2025-07-22 18:36
vacina,54,BR-MG,COVID-19,2020-10,2025-07-22 18:36
vacina covid,54,BR-MG,COVID-19,2020-10,2025-07-22 18:36
teste covid,32,BR-MG,COVID-19,2020-10,2025-07-22 18:36
covid mg,26,BR-MG,COVID-19,2020-10,2025-07-22 18:36
covid hoje,22,BR-MG,COVID-19,2020-10,2025-07-22 18:36
covid bh,22,BR-MG,COVID-19,2020-10,2025-07-22 18:36
sintomas de covid,21,BR-MG,COVID-19,2020-10,2025-07-22 18:36
mortes covid,21,BR-MG,COVID-19,2020-10,2025-07-22 18:36
covid no brasil,19,BR-MG,COVID-19,2020-10,2025-07-22 18:36
covid minas,19,BR-MG,COVID-19,2020-10,2025-07-22 18:36
casos covid,17,BR-MG,COVID-19,2020-10,2025-07-22 18:36
sintomas do covid,16,BR-MG,COVID-19,2020-10,2025-07-22 18:36
exame covid,16,BR-MG,COVID-19,2020-10,2025-07-22 18:36
teste de covid,14,BR-MG,COVID-19,2020-10,2025-07-22 18:36
sintomas covid 19,13,BR-MG,COVID-19,2020-10,2025-07-22 18:36
covid mundo,13,BR-MG,COVID-19,2020-10,2025-07-22 18:36
covid minas gerais,11,BR-MG,COVID-19,2020-10,2025-07-22 18:36
sintomas da covid,10,BR-MG,COVID-19,2020-10,2025-07-22 18:36
mortes covid brasil,10,BR-MG,COVID-19,2020-10,2025-07-22 18:36
teste rapido covid,9,BR-MG,COVID-19,2020-10,2025-07-22 18:36
uberlandia covid,8,BR-MG,COVID-19,2020-10,2025-07-22 18:36
covid 19 brasil,8,BR-MG,COVID-19,2020-10,2025-07-22 18:36
covid ms,100,BR-MS,COVID-19,2020-10,2025-07-22 18:36
covid 19,73,BR-MS,COVID-19,2020-10,2025-07-22 18:36
covid sintomas,66,BR-MS,COVID-19,2020-10,2025-07-22 18:36
covid campo grande,52,BR-MS,COVID-19,2020-10,2025-07-22 18:36
covid campo grande ms,43,BR-MS,COVID-19,2020-10,2025-07-22 18:36
teste covid,42,BR-MS,COVID-19,2020-10,2025-07-22 18:36
vacina covid,28,BR-MS,COVID-19,2020-10,2025-07-22 18:36
covid brasil,27,BR-MS,COVID-19,2020-10,2025-07-22 18:36
resultado covid,27,BR-MS,COVID-19,2020-10,2025-07-22 18:36
exame covid,24,BR-MS,COVID-19,2020-10,2025-07-22 18:36
covid em ms,21,BR-MS,COVID-19,2020-10,2025-07-22 18:36
covid 19 ms,16,BR-MS,COVID-19,2020-10,2025-07-22 18:36
sintomas de covid,16,BR-MS,COVID-19,2020-10,2025-07-22 18:36
teste de covid,15,BR-MS,COVID-19,2020-10,2025-07-22 18:36
sintomas do covid,14,BR-MS,COVID-19,2020-10,2025-07-22 18:36
resultado covid ms,14,BR-MS,COVID-19,2020-10,2025-07-22 18:36
teste covid campo grande,13,BR-MS,COVID-19,2020-10,2025-07-22 18:36
boletim covid ms,13,BR-MS,COVID-19,2020-10,2025-07-22 18:36
coronavirus,11,BR-MS,COVID-19,2020-10,2025-07-22 18:36
covid em campo grande ms,11,BR-MS,COVID-19,2020-10,2025-07-22 18:36
teste covid campo grande ms,11,BR-MS,COVID-19,2020-10,2025-07-22 18:36
sintomas covid 19,11,BR-MS,COVID-19,2020-10,2025-07-22 18:36
covid no brasil,10,BR-MS,COVID-19,2020-10,2025-07-22 18:36
sintomas da covid,9,BR-MS,COVID-19,2020-10,2025-07-22 18:36
resultado exame covid,9,BR-MS,COVID-19,2020-10,2025-07-22 18:36
covid sintomas,100,BR-MT,COVID-19,2020-10,2025-07-22 18:36
covid 19,96,BR-MT,COVID-19,2020-10,2025-07-22 18:36
covid mt,42,BR-MT,COVID-19,2020-10,2025-07-22 18:36
covid brasil,42,BR-MT,COVID-19,2020-10,2025-07-22 18:36
covid vacina,33,BR-MT,COVID-19,2020-10,2025-07-22 18:36
covid cuiaba,30,BR-MT,COVID-19,2020-10,2025-07-22 18:36
sintomas de covid,27,BR-MT,COVID-19,2020-10,2025-07-22 18:36
sintomas do covid,21,BR-MT,COVID-19,2020-10,2025-07-22 18:36
covid 19 sintomas,18,BR-MT,COVID-19,2020-10,2025-07-22 18:36
covid no brasil,18,BR-MT,COVID-19,2020-10,2025-07-22 18:36
mortes covid,18,BR-MT,COVID-19,2020-10,2025-07-22 18:36
sintomas da covid,17,BR-MT,COVID-19,2020-10,2025-07-22 18:36
casos covid,15,BR-MT,COVID-19,2020-10,2025-07-22 18:36
arena pantanal covid,15,BR-MT,COVID-19,2020-10,2025-07-22 18:36
covid mato grosso,14,BR-MT,COVID-19,2020-10,2025-07-22 18:36
covid mundo,11,BR-MT,COVID-19,2020-10,2025-07-22 18:36
sintoma covid,10,BR-MT,COVID-19,2020-10,2025-07-22 18:36
covid rondonopolis,10,BR-MT,COVID-19,2020-10,2025-07-22 18:36
mortes covid brasil,8,BR-MT,COVID-19,2020-10,2025-07-22 18:36
boletim covid mt,8,BR-MT,COVID-19,2020-10,2025-07-22 18:36
sintomas da covid 19,8,BR-MT,COVID-19,2020-10,2025-07-22 18:36
teste rapido covid,7,BR-MT,COVID-19,2020-10,2025-07-22 18:36
teste covid cuiaba,7,BR-MT,COVID-19,2020-10,2025-07-22 18:36
teste covid arena pantanal,7,BR-MT,COVID-19,2020-10,2025-07-22 18:36
covid no mundo,6,BR-MT,COVID-19,2020-10,2025-07-22 18:36
covid 19,100,BR-PA,COVID-19,2020-10,2025-07-22 18:36
covid sintomas,74,BR-PA,COVID-19,2020-10,2025-07-22 18:36
covid brasil,44,BR-PA,COVID-19,2020-10,2025-07-22 18:36
covid pará,43,BR-PA,COVID-19,2020-10,2025-07-22 18:36
teste covid,43,BR-PA,COVID-19,2020-10,2025-07-22 18:36
sintomas do covid,40,BR-PA,COVID-19,2020-10,2025-07-22 18:36
covid belem,35,BR-PA,COVID-19,2020-10,2025-07-22 18:36
vacina covid,27,BR-PA,COVID-19,2020-10,2025-07-22 18:36
covid belém,23,BR-PA,COVID-19,2020-10,2025-07-22 18:36
sintomas de covid,23,BR-PA,COVID-19,2020-10,2025-07-22 18:36
covid no brasil,22,BR-PA,COVID-19,2020-10,2025-07-22 18:36
covid hoje,20,BR-PA,COVID-19,2020-10,2025-07-22 18:36
covid no pará,18,BR-PA,COVID-19,2020-10,2025-07-22 18:36
covid 19 sintomas,16,BR-PA,COVID-19,2020-10,2025-07-22 18:36
teste de covid,15,BR-PA,COVID-19,2020-10,2025-07-22 18:36
sintomas da covid,15,BR-PA,COVID-19,2020-10,2025-07-22 18:36
mortes covid,12,BR-PA,COVID-19,2020-10,2025-07-22 18:36
covid em belém,12,BR-PA,COVID-19,2020-10,2025-07-22 18:36
covid mundo,11,BR-PA,COVID-19,2020-10,2025-07-22 18:36
sespa covid,11,BR-PA,COVID-19,2020-10,2025-07-22 18:36
pcr,11,BR-PA,COVID-19,2020-10,2025-07-22 18:36
teste covid belem,11,BR-PA,COVID-19,2020-10,2025-07-22 18:36
sespa,11,BR-PA,COVID-19,2020-10,2025-07-22 18:36
pcr covid,10,BR-PA,COVID-19,2020-10,2025-07-22 18:36
teste rapido covid,10,BR-PA,COVID-19,2020-10,2025-07-22 18:36
covid 19,100,BR-PB,COVID-19,2020-10,2025-07-22 18:36
sintomas covid,83,BR-PB,COVID-19,2020-10,2025-07-22 18:36
covid paraiba,59,BR-PB,COVID-19,2020-10,2025-07-22 18:36
covid brasil,54,BR-PB,COVID-19,2020-10,2025-07-22 18:36
sintomas do covid,49,BR-PB,COVID-19,2020-10,2025-07-22 18:36
covid vacina,40,BR-PB,COVID-19,2020-10,2025-07-22 18:36
covid no brasil,27,BR-PB,COVID-19,2020-10,2025-07-22 18:36
sintomas de covid,25,BR-PB,COVID-19,2020-10,2025-07-22 18:36
covid pb,24,BR-PB,COVID-19,2020-10,2025-07-22 18:36
covid na paraiba,20,BR-PB,COVID-19,2020-10,2025-07-22 18:36
joao pessoa covid,20,BR-PB,COVID-19,2020-10,2025-07-22 18:36
covid 19 sintomas,17,BR-PB,COVID-19,2020-10,2025-07-22 18:36
covid mundo,15,BR-PB,COVID-19,2020-10,2025-07-22 18:36
covid paraíba,14,BR-PB,COVID-19,2020-10,2025-07-22 18:36
sintomas da covid,13,BR-PB,COVID-19,2020-10,2025-07-22 18:36
g1 covid,12,BR-PB,COVID-19,2020-10,2025-07-22 18:36
covid paraiba hoje,10,BR-PB,COVID-19,2020-10,2025-07-22 18:36
mortes covid brasil,9,BR-PB,COVID-19,2020-10,2025-07-22 18:36
covid 19 brasil,9,BR-PB,COVID-19,2020-10,2025-07-22 18:36
covid no mundo,8,BR-PB,COVID-19,2020-10,2025-07-22 18:36
teste rapido covid,8,BR-PB,COVID-19,2020-10,2025-07-22 18:36
casos covid paraiba,8,BR-PB,COVID-19,2020-10,2025-07-22 18:36
sintomas do covid 19,7,BR-PB,COVID-19,2020-10,2025-07-22 18:36
covid em joao pessoa,7,BR-PB,COVID-19,2020-10,2025-07-22 18:36
vacina covid 19,7,BR-PB,COVID-19,2020-10,2025-07-22 18:36
covid 19,100,BR-PE,COVID-19,2020-10,2025-07-22 18:36
covid sintomas,74,BR-PE,COVID-19,2020-10,2025-07-22 18:36
covid pernambuco,68,BR-PE,COVID-19,2020-10,2025-07-22 18:36
teste covid,62,BR-PE,COVID-19,2020-10,2025-07-22 18:36
recife covid,54,BR-PE,COVID-19,2020-10,2025-07-22 18:36
covid brasil,38,BR-PE,COVID-19,2020-10,2025-07-22 18:36
sintomas do covid,30,BR-PE,COVID-19,2020-10,2025-07-22 18:36
covid 19 sintomas,30,BR-PE,COVID-19,2020-10,2025-07-22 18:36
covid vacina,30,BR-PE,COVID-19,2020-10,2025-07-22 18:36
teste de covid,29,BR-PE,COVID-19,2020-10,2025-07-22 18:36
covid em pernambuco,26,BR-PE,COVID-19,2020-10,2025-07-22 18:36
exame covid,25,BR-PE,COVID-19,2020-10,2025-07-22 18:36
sintomas do covid 19,22,BR-PE,COVID-19,2020-10,2025-07-22 18:36
sintomas de covid,22,BR-PE,COVID-19,2020-10,2025-07-22 18:36
mortes covid,21,BR-PE,COVID-19,2020-10,2025-07-22 18:36
teste covid recife,21,BR-PE,COVID-19,2020-10,2025-07-22 18:36
casos de covid,18,BR-PE,COVID-19,2020-10,2025-07-22 18:36
covid 19 pernambuco,17,BR-PE,COVID-19,2020-10,2025-07-22 18:36
covid pe,16,BR-PE,COVID-19,2020-10,2025-07-22 18:36
covid em recife,15,BR-PE,COVID-19,2020-10,2025-07-22 18:36
covid no brasil,15,BR-PE,COVID-19,2020-10,2025-07-22 18:36
sintomas da covid,14,BR-PE,COVID-19,2020-10,2025-07-22 18:36
covid mundo,14,BR-PE,COVID-19,2020-10,2025-07-22 18:36
exame de covid,12,BR-PE,COVID-19,2020-10,2025-07-22 18:36
teste rapido covid,11,BR-PE,COVID-19,2020-10,2025-07-22 18:36
covid 19,100,BR-PI,COVID-19,2020-10,2025-07-22 18:36
covid sintomas,97,BR-PI,COVID-19,2020-10,2025-07-22 18:36
covid piaui,65,BR-PI,COVID-19,2020-10,2025-07-22 18:36
sintomas do covid,54,BR-PI,COVID-19,2020-10,2025-07-22 18:36
covid brasil,45,BR-PI,COVID-19,2020-10,2025-07-22 18:36
covid vacina,45,BR-PI,COVID-19,2020-10,2025-07-22 18:36
teste covid,41,BR-PI,COVID-19,2020-10,2025-07-22 18:36
covid teresina,40,BR-PI,COVID-19,2020-10,2025-07-22 18:36
sintomas de covid,28,BR-PI,COVID-19,2020-10,2025-07-22 18:36
sintomas da covid,22,BR-PI,COVID-19,2020-10,2025-07-22 18:36
covid no brasil,22,BR-PI,COVID-19,2020-10,2025-07-22 18:36
covid no piaui,19,BR-PI,COVID-19,2020-10,2025-07-22 18:36
covid 19 piaui,14,BR-PI,COVID-19,2020-10,2025-07-22 18:36
covid em teresina,14,BR-PI,COVID-19,2020-10,2025-07-22 18:36
sintoma covid,11,BR-PI,COVID-19,2020-10,2025-07-22 18:36
sintomas da covid 19,9,BR-PI,COVID-19,2020-10,2025-07-22 18:36
vacina covid 19,8,BR-PI,COVID-19,2020-10,2025-07-22 18:36
covid piaui hoje,8,BR-PI,COVID-19,2020-10,2025-07-22 18:36
pcr covid,7,BR-PI,COVID-19,2020-10,2025-07-22 18:36
mortes covid brasil,7,BR-PI,COVID-19,2020-10,2025-07-22 18:36
sintomas do covid 19,6,BR-PI,COVID-19,2020-10,2025-07-22 18:36
teste rapido covid,6,BR-PI,COVID-19,2020-10,2025-07-22 18:36
covid no mundo,6,BR-PI,COVID-19,2020-10,2025-07-22 18:36
coronavirus piaui,5,BR-PI,COVID-19,2020-10,2025-07-22 18:36
covid no piaui hoje,5,BR-PI,COVID-19,2020-10,2025-07-22 18:36
sintomas covid,100,BR-PR,COVID-19,2020-10,2025-07-22 18:36
covid 19,92,BR-PR,COVID-19,2020-10,2025-07-22 18:36
covid curitiba,52,BR-PR,COVID-19,2020-10,2025-07-22 18:36
covid brasil,45,BR-PR,COVID-19,2020-10,2025-07-22 18:36
teste covid,40,BR-PR,COVID-19,2020-10,2025-07-22 18:36
vacina,40,BR-PR,COVID-19,2020-10,2025-07-22 18:36
covid vacina,39,BR-PR,COVID-19,2020-10,2025-07-22 18:36
covid parana,24,BR-PR,COVID-19,2020-10,2025-07-22 18:36
mortes covid,23,BR-PR,COVID-19,2020-10,2025-07-22 18:36
exame covid,23,BR-PR,COVID-19,2020-10,2025-07-22 18:36
sintomas de covid,22,BR-PR,COVID-19,2020-10,2025-07-22 18:36
covid pr,19,BR-PR,COVID-19,2020-10,2025-07-22 18:36
sintomas do covid,18,BR-PR,COVID-19,2020-10,2025-07-22 18:36
covid londrina,17,BR-PR,COVID-19,2020-10,2025-07-22 18:36
covid mundo,16,BR-PR,COVID-19,2020-10,2025-07-22 18:36
covid no brasil,16,BR-PR,COVID-19,2020-10,2025-07-22 18:36
teste de covid,15,BR-PR,COVID-19,2020-10,2025-07-22 18:36
covid em curitiba,13,BR-PR,COVID-19,2020-10,2025-07-22 18:36
covid foz,13,BR-PR,COVID-19,2020-10,2025-07-22 18:36
sintomas covid 19,12,BR-PR,COVID-19,2020-10,2025-07-22 18:36
mortes covid brasil,9,BR-PR,COVID-19,2020-10,2025-07-22 18:36
sintomas da covid,9,BR-PR,COVID-19,2020-10,2025-07-22 18:36
covid paraná,9,BR-PR,COVID-19,2020-10,2025-07-22 18:36
covid maringa,9,BR-PR,COVID-19,2020-10,2025-07-22 18:36
covid 19 brasil,8,BR-PR,COVID-19,2020-10,2025-07-22 18:36
covid 19,100,BR-RJ,COVID-19,2020-10,2025-07-22 18:36
sintomas covid,80,BR-RJ,COVID-19,2020-10,2025-07-22 18:36
teste covid,49,BR-RJ,COVID-19,2020-10,2025-07-22 18:36
rj covid,39,BR-RJ,COVID-19,2020-10,2025-07-22 18:36
brasil covid,36,BR-RJ,COVID-19,2020-10,2025-07-22 18:36
vacina,31,BR-RJ,COVID-19,2020-10,2025-07-22 18:36
covid rio,31,BR-RJ,COVID-19,2020-10,2025-07-22 18:36
covid vacina,29,BR-RJ,COVID-19,2020-10,2025-07-22 18:36
sintomas covid 19,29,BR-RJ,COVID-19,2020-10,2025-07-22 18:36
sintomas do covid,28,BR-RJ,COVID-19,2020-10,2025-07-22 18:36
covid rio de janeiro,23,BR-RJ,COVID-19,2020-10,2025-07-22 18:36
sintomas do covid 19,22,BR-RJ,COVID-19,2020-10,2025-07-22 18:36
exame covid,20,BR-RJ,COVID-19,2020-10,2025-07-22 18:36
teste de covid,20,BR-RJ,COVID-19,2020-10,2025-07-22 18:36
sintomas de covid,19,BR-RJ,COVID-19,2020-10,2025-07-22 18:36
mortes covid,17,BR-RJ,COVID-19,2020-10,2025-07-22 18:36
covid no brasil,14,BR-RJ,COVID-19,2020-10,2025-07-22 18:36
pcr,12,BR-RJ,COVID-19,2020-10,2025-07-22 18:36
pcr covid,12,BR-RJ,COVID-19,2020-10,2025-07-22 18:36
casos covid,11,BR-RJ,COVID-19,2020-10,2025-07-22 18:36
covid mundo,11,BR-RJ,COVID-19,2020-10,2025-07-22 18:36
sintomas da covid,11,BR-RJ,COVID-19,2020-10,2025-07-22 18:36
teste rapido covid,9,BR-RJ,COVID-19,2020-10,2025-07-22 18:36
teste covid rj,8,BR-RJ,COVID-19,2020-10,2025-07-22 18:36
covid 19 rj,8,BR-RJ,COVID-19,2020-10,2025-07-22 18:36
covid 19,100,BR-RN,COVID-19,2020-10,2025-07-22 18:36
rn covid,95,BR-RN,COVID-19,2020-10,2025-07-22 18:36
covid sintomas,80,BR-RN,COVID-19,2020-10,2025-07-22 18:36
covid brasil,65,BR-RN,COVID-19,2020-10,2025-07-22 18:36
sintomas do covid,50,BR-RN,COVID-19,2020-10,2025-07-22 18:36
covid vacina,44,BR-RN,COVID-19,2020-10,2025-07-22 18:36
covid natal,44,BR-RN,COVID-19,2020-10,2025-07-22 18:36
teste covid,33,BR-RN,COVID-19,2020-10,2025-07-22 18:36
covid no brasil,29,BR-RN,COVID-19,2020-10,2025-07-22 18:36
covid natal rn,24,BR-RN,COVID-19,2020-10,2025-07-22 18:36
covid no rn,23,BR-RN,COVID-19,2020-10,2025-07-22 18:36
sintomas de covid,22,BR-RN,COVID-19,2020-10,2025-07-22 18:36
covid mundo,16,BR-RN,COVID-19,2020-10,2025-07-22 18:36
mortes covid brasil,15,BR-RN,COVID-19,2020-10,2025-07-22 18:36
sintomas covid 19,13,BR-RN,COVID-19,2020-10,2025-07-22 18:36
rio grande do norte,12,BR-RN,COVID-19,2020-10,2025-07-22 18:36
covid rio grande do norte,11,BR-RN,COVID-19,2020-10,2025-07-22 18:36
covid brasil hoje,10,BR-RN,COVID-19,2020-10,2025-07-22 18:36
covid 19 brasil,10,BR-RN,COVID-19,2020-10,2025-07-22 18:36
sintomas da covid,9,BR-RN,COVID-19,2020-10,2025-07-22 18:36
covid no mundo,9,BR-RN,COVID-19,2020-10,2025-07-22 18:36
covid-19 rn,8,BR-RN,COVID-19,2020-10,2025-07-22 18:36
sorologia covid,8,BR-RN,COVID-19,2020-10,2025-07-22 18:36
lais covid,8,BR-RN,COVID-19,2020-10,2025-07-22 18:36
teste rapido covid,7,BR-RN,COVID-19,2020-10,2025-07-22 18:36
covid 19,100,BR-RO,COVID-19,2020-10,2025-07-22 18:36
sintomas covid,65,BR-RO,COVID-19,2020-10,2025-07-22 18:36
covid rondonia,58,BR-RO,COVID-19,2020-10,2025-07-22 18:36
sintomas do covid,41,BR-RO,COVID-19,2020-10,2025-07-22 18:36
covid rondônia,36,BR-RO,COVID-19,2020-10,2025-07-22 18:36
covid brasil,32,BR-RO,COVID-19,2020-10,2025-07-22 18:36
vacina covid,27,BR-RO,COVID-19,2020-10,2025-07-22 18:36
covid em rondônia,21,BR-RO,COVID-19,2020-10,2025-07-22 18:36
covid porto velho,20,BR-RO,COVID-19,2020-10,2025-07-22 18:36
boletim covid rondonia,20,BR-RO,COVID-19,2020-10,2025-07-22 18:36
sintomas de covid,17,BR-RO,COVID-19,2020-10,2025-07-22 18:36
coronavirus,16,BR-RO,COVID-19,2020-10,2025-07-22 18:36
covid no brasil,14,BR-RO,COVID-19,2020-10,2025-07-22 18:36
covid 19 ro,13,BR-RO,COVID-19,2020-10,2025-07-22 18:36
covid 19 rondonia,12,BR-RO,COVID-19,2020-10,2025-07-22 18:36
covid no mundo,5,BR-RO,COVID-19,2020-10,2025-07-22 18:36
boletim covid rondônia,5,BR-RO,COVID-19,2020-10,2025-07-22 18:36
sintomas do covid 19,5,BR-RO,COVID-19,2020-10,2025-07-22 18:36
teste rapido covid,4,BR-RO,COVID-19,2020-10,2025-07-22 18:36
pandemia covid 19,4,BR-RO,COVID-19,2020-10,2025-07-22 18:36
covid-19 sintomas,4,BR-RO,COVID-19,2020-10,2025-07-22 18:36
vacina contra covid,4,BR-RO,COVID-19,2020-10,2025-07-22 18:36
covid-19 rondônia hoje,3,BR-RO,COVID-19,2020-10,2025-07-22 18:36
primeiros sintomas do covid,3,BR-RO,COVID-19,2020-10,2025-07-22 18:36
g1 rondonia covid,3,BR-RO,COVID-19,2020-10,2025-07-22 18:36
sintomas covid,100,BR-RR,COVID-19,2020-10,2025-07-22 18:36
vacina covid,52,BR-RR,COVID-19,2020-10,2025-07-22 18:36
sintomas do covid,49,BR-RR,COVID-19,2020-10,2025-07-22 18:36
sequelas da covid,11,BR-RR,COVID-19,2020-10,2025-07-22 18:36
sintomas covid,100,BR-RS,COVID-19,2020-10,2025-07-22 18:36
covid 19,88,BR-RS,COVID-19,2020-10,2025-07-22 18:36
covid rs,66,BR-RS,COVID-19,2020-10,2025-07-22 18:36
teste covid,43,BR-RS,COVID-19,2020-10,2025-07-22 18:36
brasil covid,38,BR-RS,COVID-19,2020-10,2025-07-22 18:36
vacina,35,BR-RS,COVID-19,2020-10,2025-07-22 18:36
covid vacina,34,BR-RS,COVID-19,2020-10,2025-07-22 18:36
porto alegre covid,28,BR-RS,COVID-19,2020-10,2025-07-22 18:36
mortes covid,22,BR-RS,COVID-19,2020-10,2025-07-22 18:36
sintomas de covid,22,BR-RS,COVID-19,2020-10,2025-07-22 18:36
sintomas do covid,18,BR-RS,COVID-19,2020-10,2025-07-22 18:36
exame covid,16,BR-RS,COVID-19,2020-10,2025-07-22 18:36
covid 19 rs,15,BR-RS,COVID-19,2020-10,2025-07-22 18:36
teste de covid,14,BR-RS,COVID-19,2020-10,2025-07-22 18:36
covid no brasil,13,BR-RS,COVID-19,2020-10,2025-07-22 18:36
covid mundo,13,BR-RS,COVID-19,2020-10,2025-07-22 18:36
covid 19 sintomas,12,BR-RS,COVID-19,2020-10,2025-07-22 18:36
teste rapido covid,11,BR-RS,COVID-19,2020-10,2025-07-22 18:36
covid no rs,10,BR-RS,COVID-19,2020-10,2025-07-22 18:36
pcr covid,10,BR-RS,COVID-19,2020-10,2025-07-22 18:36
covid rio grande do sul,10,BR-RS,COVID-19,2020-10,2025-07-22 18:36
mortes covid brasil,9,BR-RS,COVID-19,2020-10,2025-07-22 18:36
sintomas da covid,8,BR-RS,COVID-19,2020-10,2025-07-22 18:36
covid caxias do sul,8,BR-RS,COVID-19,2020-10,2025-07-22 18:36
teste para covid,7,BR-RS,COVID-19,2020-10,2025-07-22 18:36
covid 19,100,BR-SC,COVID-19,2020-10,2025-07-22 18:36
covid sintomas,96,BR-SC,COVID-19,2020-10,2025-07-22 18:36
covid sc,73,BR-SC,COVID-19,2020-10,2025-07-22 18:36
teste covid,61,BR-SC,COVID-19,2020-10,2025-07-22 18:36
covid brasil,55,BR-SC,COVID-19,2020-10,2025-07-22 18:36
vacina,44,BR-SC,COVID-19,2020-10,2025-07-22 18:36
vacina covid,42,BR-SC,COVID-19,2020-10,2025-07-22 18:36
covid santa catarina,34,BR-SC,COVID-19,2020-10,2025-07-22 18:36
joinville covid,27,BR-SC,COVID-19,2020-10,2025-07-22 18:36
covid florianopolis,26,BR-SC,COVID-19,2020-10,2025-07-22 18:36
casos covid,26,BR-SC,COVID-19,2020-10,2025-07-22 18:36
sintomas de covid,24,BR-SC,COVID-19,2020-10,2025-07-22 18:36
exame covid,24,BR-SC,COVID-19,2020-10,2025-07-22 18:36
mortes covid,23,BR-SC,COVID-19,2020-10,2025-07-22 18:36
covid em sc,23,BR-SC,COVID-19,2020-10,2025-07-22 18:36
sintomas do covid,21,BR-SC,COVID-19,2020-10,2025-07-22 18:36
teste de covid,19,BR-SC,COVID-19,2020-10,2025-07-22 18:36
covid mundo,18,BR-SC,COVID-19,2020-10,2025-07-22 18:36
covid no brasil,17,BR-SC,COVID-19,2020-10,2025-07-22 18:36
covid florianópolis,15,BR-SC,COVID-19,2020-10,2025-07-22 18:36
covid 19 sc,15,BR-SC,COVID-19,2020-10,2025-07-22 18:36
teste rapido covid,14,BR-SC,COVID-19,2020-10,2025-07-22 18:36
mapa covid sc,14,BR-SC,COVID-19,2020-10,2025-07-22 18:36
sintomas covid 19,13,BR-SC,COVID-19,2020-10,2025-07-22 18:36
covid em santa catarina,12,BR-SC,COVID-19,2020-10,2025-07-22 18:36
covid 19,100,BR-SE,COVID-19,2020-10,2025-07-22 18:36
covid sergipe,95,BR-SE,COVID-19,2020-10,2025-07-22 18:36
covid sintomas,77,BR-SE,COVID-19,2020-10,2025-07-22 18:36
brasil covid,47,BR-SE,COVID-19,2020-10,2025-07-22 18:36
sintomas do covid,41,BR-SE,COVID-19,2020-10,2025-07-22 18:36
covid aracaju,41,BR-SE,COVID-19,2020-10,2025-07-22 18:36
covid em sergipe,38,BR-SE,COVID-19,2020-10,2025-07-22 18:36
vacina covid,36,BR-SE,COVID-19,2020-10,2025-07-22 18:36
covid no brasil,22,BR-SE,COVID-19,2020-10,2025-07-22 18:36
covid 19 sergipe,20,BR-SE,COVID-19,2020-10,2025-07-22 18:36
sintomas de covid,20,BR-SE,COVID-19,2020-10,2025-07-22 18:36
coronavirus,14,BR-SE,COVID-19,2020-10,2025-07-22 18:36
casos de covid em sergipe,12,BR-SE,COVID-19,2020-10,2025-07-22 18:36
covid-19 sergipe,10,BR-SE,COVID-19,2020-10,2025-07-22 18:36
covid no mundo,10,BR-SE,COVID-19,2020-10,2025-07-22 18:36
teste rapido covid,9,BR-SE,COVID-19,2020-10,2025-07-22 18:36
covid europa,7,BR-SE,COVID-19,2020-10,2025-07-22 18:36
casos de covid no brasil,6,BR-SE,COVID-19,2020-10,2025-07-22 18:36
quais os sintomas da covid 19,4,BR-SE,COVID-19,2020-10,2025-07-22 18:36
covid na europa,4,BR-SE,COVID-19,2020-10,2025-07-22 18:36
trump covid,3,BR-SE,COVID-19,2020-10,2025-07-22 18:36
sob pressão plantão covid,2,BR-SE,COVID-19,2020-10,2025-07-22 18:36
sequelas do covid,2,BR-SE,COVID-19,2020-10,2025-07-22 18:36
mapa da covid no brasil,1,BR-SE,COVID-19,2020-10,2025-07-22 18:36
mortes covid mundo,1,BR-SE,COVID-19,2020-10,2025-07-22 18:36
covid 19,100,BR-SP,COVID-19,2020-10,2025-07-22 18:36
covid sintomas,86,BR-SP,COVID-19,2020-10,2025-07-22 18:36
covid brasil,59,BR-SP,COVID-19,2020-10,2025-07-22 18:36
teste covid,59,BR-SP,COVID-19,2020-10,2025-07-22 18:36
vacina covid,47,BR-SP,COVID-19,2020-10,2025-07-22 18:36
vacina,45,BR-SP,COVID-19,2020-10,2025-07-22 18:36
covid sp,36,BR-SP,COVID-19,2020-10,2025-07-22 18:36
mortes covid,29,BR-SP,COVID-19,2020-10,2025-07-22 18:36
covid hoje,28,BR-SP,COVID-19,2020-10,2025-07-22 18:36
exame covid,25,BR-SP,COVID-19,2020-10,2025-07-22 18:36
teste de covid,22,BR-SP,COVID-19,2020-10,2025-07-22 18:36
sintomas de covid,21,BR-SP,COVID-19,2020-10,2025-07-22 18:36
covid sao paulo,19,BR-SP,COVID-19,2020-10,2025-07-22 18:36
covid mundo,18,BR-SP,COVID-19,2020-10,2025-07-22 18:36
covid no brasil,17,BR-SP,COVID-19,2020-10,2025-07-22 18:36
casos covid,17,BR-SP,COVID-19,2020-10,2025-07-22 18:36
sintomas do covid,15,BR-SP,COVID-19,2020-10,2025-07-22 18:36
covid 19 sintomas,12,BR-SP,COVID-19,2020-10,2025-07-22 18:36
mortes covid brasil,11,BR-SP,COVID-19,2020-10,2025-07-22 18:36
pcr,11,BR-SP,COVID-19,2020-10,2025-07-22 18:36
pcr covid,11,BR-SP,COVID-19,2020-10,2025-07-22 18:36
exame de covid,10,BR-SP,COVID-19,2020-10,2025-07-22 18:36
covid no mundo,10,BR-SP,COVID-19,2020-10,2025-07-22 18:36
teste rapido covid,10,BR-SP,COVID-19,2020-10,2025-07-22 18:36
sintomas da covid,9,BR-SP,COVID-19,2020-10,2025-07-22 18:36
covid 19,100,BR-TO,COVID-19,2020-10,2025-07-22 18:37
covid tocantins,70,BR-TO,COVID-19,2020-10,2025-07-22 18:37
covid palmas,36,BR-TO,COVID-19,2020-10,2025-07-22 18:37
covid brasil,36,BR-TO,COVID-19,2020-10,2025-07-22 18:37
vacina covid,36,BR-TO,COVID-19,2020-10,2025-07-22 18:37
sintomas de covid,23,BR-TO,COVID-19,2020-10,2025-07-22 18:37
sintomas do covid,19,BR-TO,COVID-19,2020-10,2025-07-22 18:37
boletim covid tocantins,18,BR-TO,COVID-19,2020-10,2025-07-22 18:37
covid no brasil,16,BR-TO,COVID-19,2020-10,2025-07-22 18:37
covid mundo,14,BR-TO,COVID-19,2020-10,2025-07-22 18:37
covid-19 tocantins,9,BR-TO,COVID-19,2020-10,2025-07-22 18:37
teste rapido covid,8,BR-TO,COVID-19,2020-10,2025-07-22 18:37
mortes covid brasil,6,BR-TO,COVID-19,2020-10,2025-07-22 18:37
boletim epidemiologico covid 19 tocantins,6,BR-TO,COVID-19,2020-10,2025-07-22 18:37
sintomas da covid 19,4,BR-TO,COVID-19,2020-10,2025-07-22 18:37
casos de covid no brasil,3,BR-TO,COVID-19,2020-10,2025-07-22 18:37
reinfecção covid,2,BR-TO,COVID-19,2020-10,2025-07-22 18:37
covid 19,100,BR,COVID-19,2020-10,2025-07-22 18:37
covid sintomas,83,BR,COVID-19,2020-10,2025-07-22 18:37
brasil covid,52,BR,COVID-19,2020-10,2025-07-22 18:37
teste covid,46,BR,COVID-19,2020-10,2025-07-22 18:37
vacina,42,BR,COVID-19,2020-10,2025-07-22 18:37
vacina covid,41,BR,COVID-19,2020-10,2025-07-22 18:37
sintomas do covid,23,BR,COVID-19,2020-10,2025-07-22 18:37
covid hoje,23,BR,COVID-19,2020-10,2025-07-22 18:37
mortes covid,22,BR,COVID-19,2020-10,2025-07-22 18:37
exame covid,22,BR,COVID-19,2020-10,2025-07-22 18:37
sintomas de covid,20,BR,COVID-19,2020-10,2025-07-22 18:37
casos covid,19,BR,COVID-19,2020-10,2025-07-22 18:37
teste de covid,17,BR,COVID-19,2020-10,2025-07-22 18:37
sintomas covid 19,17,BR,COVID-19,2020-10,2025-07-22 18:37
covid no brasil,17,BR,COVID-19,2020-10,2025-07-22 18:37
covid mundo,14,BR,COVID-19,2020-10,2025-07-22 18:37
casos de covid,12,BR,COVID-19,2020-10,2025-07-22 18:37
sintomas da covid,11,BR,COVID-19,2020-10,2025-07-22 18:37
covid sp,11,BR,COVID-19,2020-10,2025-07-22 18:37
covid brasil mortes,10,BR,COVID-19,2020-10,2025-07-22 18:37
teste rapido covid,9,BR,COVID-19,2020-10,2025-07-22 18:37
pcr covid,9,BR,COVID-19,2020-10,2025-07-22 18:37
covid no mundo,8,BR,COVID-19,2020-10,2025-07-22 18:37
sintomas do covid 19,8,BR,COVID-19,2020-10,2025-07-22 18:37
pandemia,7,BR,COVID-19,2020-10,2025-07-22 18:37
