topicTitle,topicId,value,geo,keyword,time,sys_time
Symptom,/m/01b_06,100,BR-AC,Dengue,2020-02,2025-07-22 18:10
Yellow fever mosquito,/m/06y6_w,68,BR-AC,Dengue,2020-02,2025-07-22 18:10
Bleeding,/m/012n6x,56,BR-AC,Dengue,2020-02,2025-07-22 18:10
Disease,/m/027x3,32,BR-AC,Dengue,2020-02,2025-07-22 18:10
Mosquito,/m/09f96,26,BR-AC,Dengue,2020-02,2025-07-22 18:10
Symptom,/m/01b_06,100,BR-AL,Dengue,2020-02,2025-07-22 18:10
Mosquito,/m/09f96,70,BR-AL,Dengue,2020-02,2025-07-22 18:10
Yellow fever mosquito,/m/06y6_w,67,BR-AL,Dengue,2020-02,2025-07-22 18:10
Chikungunya virus infection,/m/01__7l,35,BR-AL,Dengue,2020-02,2025-07-22 18:10
Health,/m/0kt51,27,BR-AL,Dengue,2020-02,2025-07-22 18:10
Virus,/m/0g9pc,26,BR-AL,Dengue,2020-02,2025-07-22 18:10
Common cold,/m/0n073,25,BR-AL,Dengue,2020-02,2025-07-22 18:10
Fever,/m/0cjf0,25,BR-AL,Dengue,2020-02,2025-07-22 18:10
Disease,/m/027x3,22,BR-AL,Dengue,2020-02,2025-07-22 18:10
Zika fever,/m/02vkznh,20,BR-AL,Dengue,2020-02,2025-07-22 18:10
Combat,/m/0byj4,20,BR-AL,Dengue,2020-02,2025-07-22 18:10
Epidemic,/m/0hn9s,13,BR-AL,Dengue,2020-02,2025-07-22 18:10
Influenza,/m/0cycc,12,BR-AL,Dengue,2020-02,2025-07-22 18:10
Ministry of Health of Brazil,/m/0c3ty1w,12,BR-AL,Dengue,2020-02,2025-07-22 18:10
Symptom,/m/01b_06,100,BR-AM,Dengue,2020-02,2025-07-22 18:10
Yellow fever mosquito,/m/06y6_w,39,BR-AM,Dengue,2020-02,2025-07-22 18:10
Mosquito,/m/09f96,28,BR-AM,Dengue,2020-02,2025-07-22 18:10
Disease,/m/027x3,25,BR-AM,Dengue,2020-02,2025-07-22 18:10
Malaria,/m/0542n,17,BR-AM,Dengue,2020-02,2025-07-22 18:10
Zika fever,/m/02vkznh,15,BR-AM,Dengue,2020-02,2025-07-22 18:10
Virus,/m/0g9pc,14,BR-AM,Dengue,2020-02,2025-07-22 18:10
Chikungunya virus infection,/m/01__7l,12,BR-AM,Dengue,2020-02,2025-07-22 18:10
Influenza,/m/0cycc,8,BR-AM,Dengue,2020-02,2025-07-22 18:10
Combat,/m/0byj4,8,BR-AM,Dengue,2020-02,2025-07-22 18:10
Pharmaceutical drug,/m/018l35,7,BR-AM,Dengue,2020-02,2025-07-22 18:10
Eating,/m/01f5gx,6,BR-AM,Dengue,2020-02,2025-07-22 18:10
Infection,/m/098s1,5,BR-AM,Dengue,2020-02,2025-07-22 18:10
Yellow fever mosquito,/m/06y6_w,100,BR-AP,Dengue,2020-02,2025-07-22 18:10
Symptom,/m/01b_06,100,BR-BA,Dengue,2020-02,2025-07-22 18:10
Yellow fever mosquito,/m/06y6_w,41,BR-BA,Dengue,2020-02,2025-07-22 18:10
Mosquito,/m/09f96,41,BR-BA,Dengue,2020-02,2025-07-22 18:10
Zika fever,/m/02vkznh,19,BR-BA,Dengue,2020-02,2025-07-22 18:10
Chikungunya virus infection,/m/01__7l,19,BR-BA,Dengue,2020-02,2025-07-22 18:10
Fever,/m/0cjf0,11,BR-BA,Dengue,2020-02,2025-07-22 18:10
Body,/m/0180q,11,BR-BA,Dengue,2020-02,2025-07-22 18:10
Zika virus,/m/080m_5j,10,BR-BA,Dengue,2020-02,2025-07-22 18:10
Virus,/m/0g9pc,10,BR-BA,Dengue,2020-02,2025-07-22 18:10
Bleeding,/m/012n6x,9,BR-BA,Dengue,2020-02,2025-07-22 18:10
Metamizole,/m/08j19g,9,BR-BA,Dengue,2020-02,2025-07-22 18:10
Itch,/m/04kllm9,7,BR-BA,Dengue,2020-02,2025-07-22 18:10
Acetaminophen,/m/0lbt3,6,BR-BA,Dengue,2020-02,2025-07-22 18:10
Pharmaceutical drug,/m/018l35,6,BR-BA,Dengue,2020-02,2025-07-22 18:10
Platelet,/m/01bw6w,5,BR-BA,Dengue,2020-02,2025-07-22 18:10
Preventive healthcare,/m/0400g4,5,BR-BA,Dengue,2020-02,2025-07-22 18:10
Diarrhea,/m/0f3kl,5,BR-BA,Dengue,2020-02,2025-07-22 18:10
International Classification of Diseases,/m/03zlr,5,BR-BA,Dengue,2020-02,2025-07-22 18:10
Nevus,/m/03rd_n,5,BR-BA,Dengue,2020-02,2025-07-22 18:10
Dengue virus,/m/0g58pft,5,BR-BA,Dengue,2020-02,2025-07-22 18:10
Picada,/m/0b6hz2j,4,BR-BA,Dengue,2020-02,2025-07-22 18:10
Influenza,/m/0cycc,4,BR-BA,Dengue,2020-02,2025-07-22 18:10
Mortality rate,/m/01b4_q,4,BR-BA,Dengue,2020-02,2025-07-22 18:10
Fee,/m/03fk6m,4,BR-BA,Dengue,2020-02,2025-07-22 18:10
Symptom,/m/01b_06,100,BR-CE,Dengue,2020-02,2025-07-22 18:11
Mosquito,/m/09f96,85,BR-CE,Dengue,2020-02,2025-07-22 18:11
Yellow fever mosquito,/m/06y6_w,80,BR-CE,Dengue,2020-02,2025-07-22 18:11
Virus,/m/0g9pc,18,BR-CE,Dengue,2020-02,2025-07-22 18:11
Chikungunya virus infection,/m/01__7l,17,BR-CE,Dengue,2020-02,2025-07-22 18:11
Disease,/m/027x3,16,BR-CE,Dengue,2020-02,2025-07-22 18:11
Zika fever,/m/02vkznh,15,BR-CE,Dengue,2020-02,2025-07-22 18:11
Aedes,/m/01yz26,12,BR-CE,Dengue,2020-02,2025-07-22 18:11
Vaccine,/m/07__7,11,BR-CE,Dengue,2020-02,2025-07-22 18:11
Bleeding,/m/012n6x,11,BR-CE,Dengue,2020-02,2025-07-22 18:11
Body,/m/0180q,9,BR-CE,Dengue,2020-02,2025-07-22 18:11
Fever,/m/0cjf0,9,BR-CE,Dengue,2020-02,2025-07-22 18:11
Dengue virus,/m/0g58pft,8,BR-CE,Dengue,2020-02,2025-07-22 18:11
Picada,/m/0b6hz2j,8,BR-CE,Dengue,2020-02,2025-07-22 18:11
Platelet,/m/01bw6w,8,BR-CE,Dengue,2020-02,2025-07-22 18:11
Larva,/m/0d9_3,7,BR-CE,Dengue,2020-02,2025-07-22 18:11
Zika virus,/m/080m_5j,7,BR-CE,Dengue,2020-02,2025-07-22 18:11
Viral Infection,/m/02kc20m,7,BR-CE,Dengue,2020-02,2025-07-22 18:11
Preventive healthcare,/m/0400g4,7,BR-CE,Dengue,2020-02,2025-07-22 18:11
Influenza,/m/0cycc,7,BR-CE,Dengue,2020-02,2025-07-22 18:11
Yellow fever,/m/087z2,6,BR-CE,Dengue,2020-02,2025-07-22 18:11
Parody,/m/0gf28,6,BR-CE,Dengue,2020-02,2025-07-22 18:11
Metamizole,/m/08j19g,5,BR-CE,Dengue,2020-02,2025-07-22 18:11
Combat,/m/0byj4,4,BR-CE,Dengue,2020-02,2025-07-22 18:11
Symptom,/m/01b_06,100,BR-DF,Dengue,2020-02,2025-07-22 18:11
Yellow fever mosquito,/m/06y6_w,43,BR-DF,Dengue,2020-02,2025-07-22 18:11
Mosquito,/m/09f96,43,BR-DF,Dengue,2020-02,2025-07-22 18:11
Combat,/m/0byj4,15,BR-DF,Dengue,2020-02,2025-07-22 18:11
Bleeding,/m/012n6x,14,BR-DF,Dengue,2020-02,2025-07-22 18:11
Virus,/m/0g9pc,10,BR-DF,Dengue,2020-02,2025-07-22 18:11
Fever,/m/0cjf0,10,BR-DF,Dengue,2020-02,2025-07-22 18:11
Metamizole,/m/08j19g,9,BR-DF,Dengue,2020-02,2025-07-22 18:11
Acetaminophen,/m/0lbt3,9,BR-DF,Dengue,2020-02,2025-07-22 18:11
Platelet,/m/01bw6w,7,BR-DF,Dengue,2020-02,2025-07-22 18:11
Physical examination,/m/02vjj4,7,BR-DF,Dengue,2020-02,2025-07-22 18:11
Chikungunya virus infection,/m/01__7l,6,BR-DF,Dengue,2020-02,2025-07-22 18:11
Community health agent,/m/09gm3ld,6,BR-DF,Dengue,2020-02,2025-07-22 18:11
Picada,/m/0b6hz2j,6,BR-DF,Dengue,2020-02,2025-07-22 18:11
Influenza,/m/0cycc,6,BR-DF,Dengue,2020-02,2025-07-22 18:11
Zika fever,/m/02vkznh,6,BR-DF,Dengue,2020-02,2025-07-22 18:11
Body,/m/0180q,5,BR-DF,Dengue,2020-02,2025-07-22 18:11
Vomiting,/m/012qjw,5,BR-DF,Dengue,2020-02,2025-07-22 18:11
Itch,/m/04kllm9,4,BR-DF,Dengue,2020-02,2025-07-22 18:11
Diarrhea,/m/0f3kl,4,BR-DF,Dengue,2020-02,2025-07-22 18:11
Vaccine,/m/07__7,3,BR-DF,Dengue,2020-02,2025-07-22 18:11
Nausea,/m/0gxb2,3,BR-DF,Dengue,2020-02,2025-07-22 18:11
Symptom,/m/01b_06,100,BR-ES,Dengue,2020-02,2025-07-22 18:11
Mosquito,/m/09f96,30,BR-ES,Dengue,2020-02,2025-07-22 18:11
Yellow fever mosquito,/m/06y6_w,29,BR-ES,Dengue,2020-02,2025-07-22 18:11
Chikungunya virus infection,/m/01__7l,17,BR-ES,Dengue,2020-02,2025-07-22 18:11
Zika fever,/m/02vkznh,13,BR-ES,Dengue,2020-02,2025-07-22 18:11
Bleeding,/m/012n6x,10,BR-ES,Dengue,2020-02,2025-07-22 18:11
Fever,/m/0cjf0,10,BR-ES,Dengue,2020-02,2025-07-22 18:11
Platelet,/m/01bw6w,9,BR-ES,Dengue,2020-02,2025-07-22 18:11
Zika virus,/m/080m_5j,8,BR-ES,Dengue,2020-02,2025-07-22 18:11
Body,/m/0180q,7,BR-ES,Dengue,2020-02,2025-07-22 18:11
Metamizole,/m/08j19g,7,BR-ES,Dengue,2020-02,2025-07-22 18:11
Virus,/m/0g9pc,7,BR-ES,Dengue,2020-02,2025-07-22 18:11
Combat,/m/0byj4,7,BR-ES,Dengue,2020-02,2025-07-22 18:11
Pharmaceutical drug,/m/018l35,6,BR-ES,Dengue,2020-02,2025-07-22 18:11
Picada,/m/0b6hz2j,5,BR-ES,Dengue,2020-02,2025-07-22 18:11
Ministry of Health of Brazil,/m/0c3ty1w,5,BR-ES,Dengue,2020-02,2025-07-22 18:11
Itch,/m/04kllm9,5,BR-ES,Dengue,2020-02,2025-07-22 18:11
Acetaminophen,/m/0lbt3,4,BR-ES,Dengue,2020-02,2025-07-22 18:11
Influenza,/m/0cycc,4,BR-ES,Dengue,2020-02,2025-07-22 18:11
Physical examination,/m/02vjj4,4,BR-ES,Dengue,2020-02,2025-07-22 18:11
Measles,/m/0g2gb,3,BR-ES,Dengue,2020-02,2025-07-22 18:11
Aedes,/m/01yz26,3,BR-ES,Dengue,2020-02,2025-07-22 18:11
Symptom,/m/01b_06,100,BR-GO,Dengue,2020-02,2025-07-22 18:11
Mosquito,/m/09f96,44,BR-GO,Dengue,2020-02,2025-07-22 18:11
Yellow fever mosquito,/m/06y6_w,41,BR-GO,Dengue,2020-02,2025-07-22 18:11
Bleeding,/m/012n6x,13,BR-GO,Dengue,2020-02,2025-07-22 18:11
Fever,/m/0cjf0,12,BR-GO,Dengue,2020-02,2025-07-22 18:11
Virus,/m/0g9pc,10,BR-GO,Dengue,2020-02,2025-07-22 18:11
Physical examination,/m/02vjj4,10,BR-GO,Dengue,2020-02,2025-07-22 18:11
Metamizole,/m/08j19g,10,BR-GO,Dengue,2020-02,2025-07-22 18:11
International Classification of Diseases,/m/03zlr,10,BR-GO,Dengue,2020-02,2025-07-22 18:11
Combat,/m/0byj4,9,BR-GO,Dengue,2020-02,2025-07-22 18:11
Chikungunya virus infection,/m/01__7l,9,BR-GO,Dengue,2020-02,2025-07-22 18:11
Itch,/m/04kllm9,8,BR-GO,Dengue,2020-02,2025-07-22 18:11
Acetaminophen,/m/0lbt3,7,BR-GO,Dengue,2020-02,2025-07-22 18:11
Platelet,/m/01bw6w,6,BR-GO,Dengue,2020-02,2025-07-22 18:11
Zika fever,/m/02vkznh,6,BR-GO,Dengue,2020-02,2025-07-22 18:11
Yellow fever,/m/087z2,6,BR-GO,Dengue,2020-02,2025-07-22 18:11
Yam,/m/08vtlt,5,BR-GO,Dengue,2020-02,2025-07-22 18:11
Zika virus,/m/080m_5j,5,BR-GO,Dengue,2020-02,2025-07-22 18:11
Influenza,/m/0cycc,5,BR-GO,Dengue,2020-02,2025-07-22 18:11
Liver,/m/04p8w,5,BR-GO,Dengue,2020-02,2025-07-22 18:11
Diarrhea,/m/0f3kl,4,BR-GO,Dengue,2020-02,2025-07-22 18:11
Immunity,/m/025sjz4,4,BR-GO,Dengue,2020-02,2025-07-22 18:11
Headache,/m/0j5fv,4,BR-GO,Dengue,2020-02,2025-07-22 18:11
Symptom,/m/01b_06,100,BR-MA,Dengue,2020-02,2025-07-22 18:11
Mosquito,/m/09f96,39,BR-MA,Dengue,2020-02,2025-07-22 18:11
Yellow fever mosquito,/m/06y6_w,39,BR-MA,Dengue,2020-02,2025-07-22 18:11
Bleeding,/m/012n6x,19,BR-MA,Dengue,2020-02,2025-07-22 18:11
Virus,/m/0g9pc,15,BR-MA,Dengue,2020-02,2025-07-22 18:11
Chikungunya virus infection,/m/01__7l,14,BR-MA,Dengue,2020-02,2025-07-22 18:11
Influenza,/m/0cycc,14,BR-MA,Dengue,2020-02,2025-07-22 18:11
Fever,/m/0cjf0,13,BR-MA,Dengue,2020-02,2025-07-22 18:11
Combat,/m/0byj4,13,BR-MA,Dengue,2020-02,2025-07-22 18:11
Zika fever,/m/02vkznh,12,BR-MA,Dengue,2020-02,2025-07-22 18:11
Disease,/m/027x3,7,BR-MA,Dengue,2020-02,2025-07-22 18:11
Yellow fever,/m/087z2,6,BR-MA,Dengue,2020-02,2025-07-22 18:11
Acetaminophen,/m/0lbt3,6,BR-MA,Dengue,2020-02,2025-07-22 18:11
Preventive healthcare,/m/0400g4,6,BR-MA,Dengue,2020-02,2025-07-22 18:11
Medical sign,/m/02qbqx,5,BR-MA,Dengue,2020-02,2025-07-22 18:11
Metamizole,/m/08j19g,4,BR-MA,Dengue,2020-02,2025-07-22 18:11
Vaccine,/m/07__7,2,BR-MA,Dengue,2020-02,2025-07-22 18:11
Symptom,/m/01b_06,100,BR-MG,Dengue,2020-02,2025-07-22 18:11
Mosquito,/m/09f96,49,BR-MG,Dengue,2020-02,2025-07-22 18:11
Yellow fever mosquito,/m/06y6_w,47,BR-MG,Dengue,2020-02,2025-07-22 18:11
Virus,/m/0g9pc,12,BR-MG,Dengue,2020-02,2025-07-22 18:11
Fever,/m/0cjf0,10,BR-MG,Dengue,2020-02,2025-07-22 18:11
Body,/m/0180q,10,BR-MG,Dengue,2020-02,2025-07-22 18:11
Bleeding,/m/012n6x,10,BR-MG,Dengue,2020-02,2025-07-22 18:11
Metamizole,/m/08j19g,9,BR-MG,Dengue,2020-02,2025-07-22 18:11
Zika fever,/m/02vkznh,8,BR-MG,Dengue,2020-02,2025-07-22 18:11
Chikungunya virus infection,/m/01__7l,8,BR-MG,Dengue,2020-02,2025-07-22 18:11
Influenza,/m/0cycc,6,BR-MG,Dengue,2020-02,2025-07-22 18:11
Headache,/m/0j5fv,6,BR-MG,Dengue,2020-02,2025-07-22 18:11
Itch,/m/04kllm9,5,BR-MG,Dengue,2020-02,2025-07-22 18:11
Zika virus,/m/080m_5j,5,BR-MG,Dengue,2020-02,2025-07-22 18:11
Platelet,/m/01bw6w,5,BR-MG,Dengue,2020-02,2025-07-22 18:11
Acetaminophen,/m/0lbt3,5,BR-MG,Dengue,2020-02,2025-07-22 18:11
Diarrhea,/m/0f3kl,5,BR-MG,Dengue,2020-02,2025-07-22 18:11
Picada,/m/0b6hz2j,5,BR-MG,Dengue,2020-02,2025-07-22 18:11
Aedes,/m/01yz26,4,BR-MG,Dengue,2020-02,2025-07-22 18:11
Combat,/m/0byj4,4,BR-MG,Dengue,2020-02,2025-07-22 18:11
Larva,/m/0d9_3,3,BR-MG,Dengue,2020-02,2025-07-22 18:11
Rate,/m/01x1q9,3,BR-MG,Dengue,2020-02,2025-07-22 18:11
Symptom,/m/01b_06,100,BR-MS,Dengue,2020-02,2025-07-22 18:11
Mosquito,/m/09f96,28,BR-MS,Dengue,2020-02,2025-07-22 18:11
Yellow fever mosquito,/m/06y6_w,25,BR-MS,Dengue,2020-02,2025-07-22 18:11
Bleeding,/m/012n6x,19,BR-MS,Dengue,2020-02,2025-07-22 18:11
Platelet,/m/01bw6w,13,BR-MS,Dengue,2020-02,2025-07-22 18:11
Body,/m/0180q,12,BR-MS,Dengue,2020-02,2025-07-22 18:11
Itch,/m/04kllm9,11,BR-MS,Dengue,2020-02,2025-07-22 18:11
Metamizole,/m/08j19g,10,BR-MS,Dengue,2020-02,2025-07-22 18:11
Eating,/m/01f5gx,10,BR-MS,Dengue,2020-02,2025-07-22 18:11
Physical examination,/m/02vjj4,10,BR-MS,Dengue,2020-02,2025-07-22 18:11
Yam,/m/08vtlt,10,BR-MS,Dengue,2020-02,2025-07-22 18:11
Fever,/m/0cjf0,8,BR-MS,Dengue,2020-02,2025-07-22 18:11
Juice,/m/01z1kdw,8,BR-MS,Dengue,2020-02,2025-07-22 18:11
Zika fever,/m/02vkznh,7,BR-MS,Dengue,2020-02,2025-07-22 18:11
Zika virus,/m/080m_5j,6,BR-MS,Dengue,2020-02,2025-07-22 18:11
Virus,/m/0g9pc,5,BR-MS,Dengue,2020-02,2025-07-22 18:11
Acetaminophen,/m/0lbt3,5,BR-MS,Dengue,2020-02,2025-07-22 18:11
Complete blood count,/m/01k19y,5,BR-MS,Dengue,2020-02,2025-07-22 18:11
Nevus,/m/03rd_n,5,BR-MS,Dengue,2020-02,2025-07-22 18:11
Chikungunya virus infection,/m/01__7l,5,BR-MS,Dengue,2020-02,2025-07-22 18:11
Liver,/m/04p8w,4,BR-MS,Dengue,2020-02,2025-07-22 18:11
Immunoglobulin M,/m/02gshc,3,BR-MS,Dengue,2020-02,2025-07-22 18:11
Headache,/m/0j5fv,3,BR-MS,Dengue,2020-02,2025-07-22 18:11
Symptom,/m/01b_06,100,BR-MT,Dengue,2020-02,2025-07-22 18:11
Mosquito,/m/09f96,33,BR-MT,Dengue,2020-02,2025-07-22 18:11
Yellow fever mosquito,/m/06y6_w,30,BR-MT,Dengue,2020-02,2025-07-22 18:11
Bleeding,/m/012n6x,21,BR-MT,Dengue,2020-02,2025-07-22 18:11
Zika fever,/m/02vkznh,12,BR-MT,Dengue,2020-02,2025-07-22 18:11
Virus,/m/0g9pc,12,BR-MT,Dengue,2020-02,2025-07-22 18:11
Platelet,/m/01bw6w,11,BR-MT,Dengue,2020-02,2025-07-22 18:11
Body,/m/0180q,10,BR-MT,Dengue,2020-02,2025-07-22 18:11
Chikungunya virus infection,/m/01__7l,9,BR-MT,Dengue,2020-02,2025-07-22 18:11
Metamizole,/m/08j19g,9,BR-MT,Dengue,2020-02,2025-07-22 18:11
Zika virus,/m/080m_5j,8,BR-MT,Dengue,2020-02,2025-07-22 18:11
Fever,/m/0cjf0,8,BR-MT,Dengue,2020-02,2025-07-22 18:11
Itch,/m/04kllm9,7,BR-MT,Dengue,2020-02,2025-07-22 18:11
Physical examination,/m/02vjj4,7,BR-MT,Dengue,2020-02,2025-07-22 18:11
Immunoglobulin G,/m/02gsf4,7,BR-MT,Dengue,2020-02,2025-07-22 18:11
Influenza,/m/0cycc,6,BR-MT,Dengue,2020-02,2025-07-22 18:11
Online and offline,/m/0bcp7,6,BR-MT,Dengue,2020-02,2025-07-22 18:11
Diarrhea,/m/0f3kl,5,BR-MT,Dengue,2020-02,2025-07-22 18:11
Vomiting,/m/012qjw,4,BR-MT,Dengue,2020-02,2025-07-22 18:11
Picada,/m/0b6hz2j,4,BR-MT,Dengue,2020-02,2025-07-22 18:11
Headache,/m/0j5fv,4,BR-MT,Dengue,2020-02,2025-07-22 18:11
Pharmaceutical drug,/m/018l35,3,BR-MT,Dengue,2020-02,2025-07-22 18:11
Symptom,/m/01b_06,100,BR-PA,Dengue,2020-02,2025-07-22 18:11
Yellow fever mosquito,/m/06y6_w,30,BR-PA,Dengue,2020-02,2025-07-22 18:11
Mosquito,/m/09f96,28,BR-PA,Dengue,2020-02,2025-07-22 18:11
Zika fever,/m/02vkznh,17,BR-PA,Dengue,2020-02,2025-07-22 18:11
Bleeding,/m/012n6x,16,BR-PA,Dengue,2020-02,2025-07-22 18:11
Measles,/m/0g2gb,15,BR-PA,Dengue,2020-02,2025-07-22 18:11
Chikungunya virus infection,/m/01__7l,14,BR-PA,Dengue,2020-02,2025-07-22 18:11
Fever,/m/0cjf0,11,BR-PA,Dengue,2020-02,2025-07-22 18:11
Zika virus,/m/080m_5j,10,BR-PA,Dengue,2020-02,2025-07-22 18:11
Virus,/m/0g9pc,9,BR-PA,Dengue,2020-02,2025-07-22 18:11
Body,/m/0180q,8,BR-PA,Dengue,2020-02,2025-07-22 18:11
Disease,/m/027x3,8,BR-PA,Dengue,2020-02,2025-07-22 18:11
Skin,/m/06z04,8,BR-PA,Dengue,2020-02,2025-07-22 18:11
Preventive healthcare,/m/0400g4,8,BR-PA,Dengue,2020-02,2025-07-22 18:11
Yellow fever,/m/087z2,6,BR-PA,Dengue,2020-02,2025-07-22 18:11
Metamizole,/m/08j19g,5,BR-PA,Dengue,2020-02,2025-07-22 18:11
Nevus,/m/03rd_n,5,BR-PA,Dengue,2020-02,2025-07-22 18:11
Combat,/m/0byj4,5,BR-PA,Dengue,2020-02,2025-07-22 18:11
Itch,/m/04kllm9,5,BR-PA,Dengue,2020-02,2025-07-22 18:11
Medical sign,/m/02qbqx,5,BR-PA,Dengue,2020-02,2025-07-22 18:11
Vaccine,/m/07__7,5,BR-PA,Dengue,2020-02,2025-07-22 18:11
Aedes,/m/01yz26,4,BR-PA,Dengue,2020-02,2025-07-22 18:11
Acetaminophen,/m/0lbt3,4,BR-PA,Dengue,2020-02,2025-07-22 18:11
Malaria,/m/0542n,4,BR-PA,Dengue,2020-02,2025-07-22 18:11
Symptom,/m/01b_06,100,BR-PB,Dengue,2020-02,2025-07-22 18:11
Yellow fever mosquito,/m/06y6_w,85,BR-PB,Dengue,2020-02,2025-07-22 18:11
Mosquito,/m/09f96,83,BR-PB,Dengue,2020-02,2025-07-22 18:11
Zika fever,/m/02vkznh,22,BR-PB,Dengue,2020-02,2025-07-22 18:11
Bleeding,/m/012n6x,19,BR-PB,Dengue,2020-02,2025-07-22 18:11
Headache,/m/0j5fv,17,BR-PB,Dengue,2020-02,2025-07-22 18:11
Fever,/m/0cjf0,17,BR-PB,Dengue,2020-02,2025-07-22 18:11
Chikungunya virus infection,/m/01__7l,15,BR-PB,Dengue,2020-02,2025-07-22 18:11
Head,/m/04hgtk,15,BR-PB,Dengue,2020-02,2025-07-22 18:11
Platelet,/m/01bw6w,14,BR-PB,Dengue,2020-02,2025-07-22 18:11
Vaccine,/m/07__7,10,BR-PB,Dengue,2020-02,2025-07-22 18:11
Pain,/m/062t2,10,BR-PB,Dengue,2020-02,2025-07-22 18:11
Measles,/m/0g2gb,9,BR-PB,Dengue,2020-02,2025-07-22 18:11
Yellow fever,/m/087z2,9,BR-PB,Dengue,2020-02,2025-07-22 18:11
Case fatality rate,/m/09lm43,8,BR-PB,Dengue,2020-02,2025-07-22 18:11
Acetaminophen,/m/0lbt3,7,BR-PB,Dengue,2020-02,2025-07-22 18:11
Zika virus,/m/080m_5j,6,BR-PB,Dengue,2020-02,2025-07-22 18:11
Disease,/m/027x3,5,BR-PB,Dengue,2020-02,2025-07-22 18:11
Vomiting,/m/012qjw,4,BR-PB,Dengue,2020-02,2025-07-22 18:11
Symptom,/m/01b_06,100,BR-PE,Dengue,2020-02,2025-07-22 18:11
Mosquito,/m/09f96,63,BR-PE,Dengue,2020-02,2025-07-22 18:11
Yellow fever mosquito,/m/06y6_w,54,BR-PE,Dengue,2020-02,2025-07-22 18:11
Virus,/m/0g9pc,24,BR-PE,Dengue,2020-02,2025-07-22 18:11
Chikungunya virus infection,/m/01__7l,21,BR-PE,Dengue,2020-02,2025-07-22 18:11
Zika fever,/m/02vkznh,20,BR-PE,Dengue,2020-02,2025-07-22 18:11
Fever,/m/0cjf0,16,BR-PE,Dengue,2020-02,2025-07-22 18:11
Disease,/m/027x3,15,BR-PE,Dengue,2020-02,2025-07-22 18:11
Bleeding,/m/012n6x,14,BR-PE,Dengue,2020-02,2025-07-22 18:11
Metamizole,/m/08j19g,12,BR-PE,Dengue,2020-02,2025-07-22 18:11
Larva,/m/0d9_3,11,BR-PE,Dengue,2020-02,2025-07-22 18:11
Zika virus,/m/080m_5j,10,BR-PE,Dengue,2020-02,2025-07-22 18:11
Body,/m/0180q,10,BR-PE,Dengue,2020-02,2025-07-22 18:11
Measles,/m/0g2gb,8,BR-PE,Dengue,2020-02,2025-07-22 18:11
Aedes,/m/01yz26,8,BR-PE,Dengue,2020-02,2025-07-22 18:11
Combat,/m/0byj4,8,BR-PE,Dengue,2020-02,2025-07-22 18:11
Epidemic,/m/0hn9s,7,BR-PE,Dengue,2020-02,2025-07-22 18:11
Mortality rate,/m/01b4_q,7,BR-PE,Dengue,2020-02,2025-07-22 18:11
Acetaminophen,/m/0lbt3,6,BR-PE,Dengue,2020-02,2025-07-22 18:11
Vaccine,/m/07__7,6,BR-PE,Dengue,2020-02,2025-07-22 18:11
Ministry of Health of Brazil,/m/0c3ty1w,5,BR-PE,Dengue,2020-02,2025-07-22 18:11
Dengue virus,/m/0g58pft,5,BR-PE,Dengue,2020-02,2025-07-22 18:11
Diarrhea,/m/0f3kl,5,BR-PE,Dengue,2020-02,2025-07-22 18:11
HIV/AIDS,/m/0d19y2,4,BR-PE,Dengue,2020-02,2025-07-22 18:11
Symptom,/m/01b_06,100,BR-PI,Dengue,2020-02,2025-07-22 18:11
Mosquito,/m/09f96,82,BR-PI,Dengue,2020-02,2025-07-22 18:11
Yellow fever mosquito,/m/06y6_w,80,BR-PI,Dengue,2020-02,2025-07-22 18:11
Preventive healthcare,/m/0400g4,24,BR-PI,Dengue,2020-02,2025-07-22 18:11
Virus,/m/0g9pc,20,BR-PI,Dengue,2020-02,2025-07-22 18:11
Chikungunya virus infection,/m/01__7l,20,BR-PI,Dengue,2020-02,2025-07-22 18:11
Body,/m/0180q,18,BR-PI,Dengue,2020-02,2025-07-22 18:11
Disease,/m/027x3,15,BR-PI,Dengue,2020-02,2025-07-22 18:11
Fever,/m/0cjf0,15,BR-PI,Dengue,2020-02,2025-07-22 18:11
Symptom,/m/01b_06,100,BR-PR,Dengue,2020-02,2025-07-22 18:11
Mosquito,/m/09f96,37,BR-PR,Dengue,2020-02,2025-07-22 18:11
Yellow fever mosquito,/m/06y6_w,35,BR-PR,Dengue,2020-02,2025-07-22 18:11
Bleeding,/m/012n6x,11,BR-PR,Dengue,2020-02,2025-07-22 18:11
Body,/m/0180q,7,BR-PR,Dengue,2020-02,2025-07-22 18:11
Vaccine,/m/07__7,6,BR-PR,Dengue,2020-02,2025-07-22 18:11
Fever,/m/0cjf0,6,BR-PR,Dengue,2020-02,2025-07-22 18:11
Insect repellent,/m/05jbfr,5,BR-PR,Dengue,2020-02,2025-07-22 18:11
Itch,/m/04kllm9,5,BR-PR,Dengue,2020-02,2025-07-22 18:11
Picada,/m/0b6hz2j,5,BR-PR,Dengue,2020-02,2025-07-22 18:11
Platelet,/m/01bw6w,5,BR-PR,Dengue,2020-02,2025-07-22 18:11
Physical examination,/m/02vjj4,5,BR-PR,Dengue,2020-02,2025-07-22 18:11
Yam,/m/08vtlt,4,BR-PR,Dengue,2020-02,2025-07-22 18:11
Metamizole,/m/08j19g,4,BR-PR,Dengue,2020-02,2025-07-22 18:11
Zika fever,/m/02vkznh,3,BR-PR,Dengue,2020-02,2025-07-22 18:11
Diarrhea,/m/0f3kl,3,BR-PR,Dengue,2020-02,2025-07-22 18:11
Combat,/m/0byj4,3,BR-PR,Dengue,2020-02,2025-07-22 18:11
Acetaminophen,/m/0lbt3,3,BR-PR,Dengue,2020-02,2025-07-22 18:11
Measles,/m/0g2gb,3,BR-PR,Dengue,2020-02,2025-07-22 18:11
Nevus,/m/03rd_n,3,BR-PR,Dengue,2020-02,2025-07-22 18:11
Symptom,/m/01b_06,100,BR-RJ,Dengue,2020-02,2025-07-22 18:11
Mosquito,/m/09f96,100,BR-RJ,Dengue,2020-02,2025-07-22 18:11
Yellow fever mosquito,/m/06y6_w,98,BR-RJ,Dengue,2020-02,2025-07-22 18:11
Chikungunya virus infection,/m/01__7l,33,BR-RJ,Dengue,2020-02,2025-07-22 18:11
Zika fever,/m/02vkznh,30,BR-RJ,Dengue,2020-02,2025-07-22 18:11
Virus,/m/0g9pc,19,BR-RJ,Dengue,2020-02,2025-07-22 18:11
Preschool,/m/027wyv,18,BR-RJ,Dengue,2020-02,2025-07-22 18:11
Education,/m/02jfc,18,BR-RJ,Dengue,2020-02,2025-07-22 18:11
Disease,/m/027x3,17,BR-RJ,Dengue,2020-02,2025-07-22 18:11
Zika virus,/m/080m_5j,17,BR-RJ,Dengue,2020-02,2025-07-22 18:11
Bleeding,/m/012n6x,13,BR-RJ,Dengue,2020-02,2025-07-22 18:11
Measles,/m/0g2gb,11,BR-RJ,Dengue,2020-02,2025-07-22 18:11
Yellow fever,/m/087z2,11,BR-RJ,Dengue,2020-02,2025-07-22 18:11
Metamizole,/m/08j19g,11,BR-RJ,Dengue,2020-02,2025-07-22 18:11
Fever,/m/0cjf0,10,BR-RJ,Dengue,2020-02,2025-07-22 18:11
Aedes,/m/01yz26,9,BR-RJ,Dengue,2020-02,2025-07-22 18:11
Poster,/m/01n5jq,9,BR-RJ,Dengue,2020-02,2025-07-22 18:11
Mortality rate,/m/01b4_q,8,BR-RJ,Dengue,2020-02,2025-07-22 18:11
Arbovirus,/m/02cbnk,8,BR-RJ,Dengue,2020-02,2025-07-22 18:11
Body,/m/0180q,8,BR-RJ,Dengue,2020-02,2025-07-22 18:11
Polyethylene terephthalate,/m/01qv0r,6,BR-RJ,Dengue,2020-02,2025-07-22 18:11
Bottle,/m/04dr76w,6,BR-RJ,Dengue,2020-02,2025-07-22 18:11
Acetaminophen,/m/0lbt3,6,BR-RJ,Dengue,2020-02,2025-07-22 18:11
Combat,/m/0byj4,6,BR-RJ,Dengue,2020-02,2025-07-22 18:11
Symptom,/m/01b_06,100,BR-RN,Dengue,2020-02,2025-07-22 18:11
Yellow fever mosquito,/m/06y6_w,95,BR-RN,Dengue,2020-02,2025-07-22 18:11
Mosquito,/m/09f96,92,BR-RN,Dengue,2020-02,2025-07-22 18:11
Chikungunya virus infection,/m/01__7l,31,BR-RN,Dengue,2020-02,2025-07-22 18:11
Zika fever,/m/02vkznh,26,BR-RN,Dengue,2020-02,2025-07-22 18:11
Disease,/m/027x3,18,BR-RN,Dengue,2020-02,2025-07-22 18:11
Fever,/m/0cjf0,15,BR-RN,Dengue,2020-02,2025-07-22 18:11
Influenza,/m/0cycc,11,BR-RN,Dengue,2020-02,2025-07-22 18:11
Acetaminophen,/m/0lbt3,8,BR-RN,Dengue,2020-02,2025-07-22 18:11
Virus,/m/0g9pc,7,BR-RN,Dengue,2020-02,2025-07-22 18:11
Symptom,/m/01b_06,100,BR-RO,Dengue,2020-02,2025-07-22 18:11
Yellow fever mosquito,/m/06y6_w,20,BR-RO,Dengue,2020-02,2025-07-22 18:11
Itch,/m/04kllm9,17,BR-RO,Dengue,2020-02,2025-07-22 18:11
Bleeding,/m/012n6x,13,BR-RO,Dengue,2020-02,2025-07-22 18:11
Mosquito,/m/09f96,13,BR-RO,Dengue,2020-02,2025-07-22 18:11
Virus,/m/0g9pc,11,BR-RO,Dengue,2020-02,2025-07-22 18:11
Ibuprofen,/m/014d3g,10,BR-RO,Dengue,2020-02,2025-07-22 18:11
Chikungunya virus infection,/m/01__7l,8,BR-RO,Dengue,2020-02,2025-07-22 18:11
Pharmaceutical drug,/m/018l35,8,BR-RO,Dengue,2020-02,2025-07-22 18:11
Body,/m/0180q,8,BR-RO,Dengue,2020-02,2025-07-22 18:11
Metamizole,/m/08j19g,8,BR-RO,Dengue,2020-02,2025-07-22 18:11
Disease,/m/027x3,7,BR-RO,Dengue,2020-02,2025-07-22 18:11
Preventive healthcare,/m/0400g4,6,BR-RO,Dengue,2020-02,2025-07-22 18:11
Acetaminophen,/m/0lbt3,5,BR-RO,Dengue,2020-02,2025-07-22 18:11
Symptom,/m/01b_06,100,BR-RR,Dengue,2020-02,2025-07-22 18:11
Yellow fever mosquito,/m/06y6_w,95,BR-RR,Dengue,2020-02,2025-07-22 18:11
Symptom,/m/01b_06,100,BR-RS,Dengue,2020-02,2025-07-22 18:11
Mosquito,/m/09f96,90,BR-RS,Dengue,2020-02,2025-07-22 18:11
Yellow fever mosquito,/m/06y6_w,88,BR-RS,Dengue,2020-02,2025-07-22 18:11
Virus,/m/0g9pc,13,BR-RS,Dengue,2020-02,2025-07-22 18:11
Picada,/m/0b6hz2j,12,BR-RS,Dengue,2020-02,2025-07-22 18:11
Chikungunya virus infection,/m/01__7l,9,BR-RS,Dengue,2020-02,2025-07-22 18:11
Disease,/m/027x3,8,BR-RS,Dengue,2020-02,2025-07-22 18:11
Zika fever,/m/02vkznh,8,BR-RS,Dengue,2020-02,2025-07-22 18:11
Vaccine,/m/07__7,7,BR-RS,Dengue,2020-02,2025-07-22 18:11
Larva,/m/0d9_3,7,BR-RS,Dengue,2020-02,2025-07-22 18:11
Yellow fever,/m/087z2,7,BR-RS,Dengue,2020-02,2025-07-22 18:11
Fever,/m/0cjf0,6,BR-RS,Dengue,2020-02,2025-07-22 18:11
Aedes,/m/01yz26,5,BR-RS,Dengue,2020-02,2025-07-22 18:11
Mortality rate,/m/01b4_q,5,BR-RS,Dengue,2020-02,2025-07-22 18:11
Zika virus,/m/080m_5j,5,BR-RS,Dengue,2020-02,2025-07-22 18:11
Preventive healthcare,/m/0400g4,5,BR-RS,Dengue,2020-02,2025-07-22 18:11
Measles,/m/0g2gb,5,BR-RS,Dengue,2020-02,2025-07-22 18:11
Insect repellent,/m/05jbfr,5,BR-RS,Dengue,2020-02,2025-07-22 18:11
Metamizole,/m/08j19g,4,BR-RS,Dengue,2020-02,2025-07-22 18:11
Infection,/m/098s1,4,BR-RS,Dengue,2020-02,2025-07-22 18:11
Dengue vaccine,/m/0115n7rn,3,BR-RS,Dengue,2020-02,2025-07-22 18:11
Symptom,/m/01b_06,100,BR-SC,Dengue,2020-02,2025-07-22 18:11
Mosquito,/m/09f96,58,BR-SC,Dengue,2020-02,2025-07-22 18:11
Yellow fever mosquito,/m/06y6_w,58,BR-SC,Dengue,2020-02,2025-07-22 18:11
Yellow fever,/m/087z2,13,BR-SC,Dengue,2020-02,2025-07-22 18:11
Vaccine,/m/07__7,11,BR-SC,Dengue,2020-02,2025-07-22 18:11
Fever,/m/0cjf0,8,BR-SC,Dengue,2020-02,2025-07-22 18:11
Aedes,/m/01yz26,8,BR-SC,Dengue,2020-02,2025-07-22 18:11
Virus,/m/0g9pc,8,BR-SC,Dengue,2020-02,2025-07-22 18:11
Body,/m/0180q,8,BR-SC,Dengue,2020-02,2025-07-22 18:11
Measles,/m/0g2gb,5,BR-SC,Dengue,2020-02,2025-07-22 18:11
Chikungunya virus infection,/m/01__7l,5,BR-SC,Dengue,2020-02,2025-07-22 18:11
Larva,/m/0d9_3,5,BR-SC,Dengue,2020-02,2025-07-22 18:11
Picada,/m/0b6hz2j,4,BR-SC,Dengue,2020-02,2025-07-22 18:11
Dengue vaccine,/m/0115n7rn,4,BR-SC,Dengue,2020-02,2025-07-22 18:11
Preventive healthcare,/m/0400g4,3,BR-SC,Dengue,2020-02,2025-07-22 18:11
Headache,/m/0j5fv,3,BR-SC,Dengue,2020-02,2025-07-22 18:11
Physical examination,/m/02vjj4,3,BR-SC,Dengue,2020-02,2025-07-22 18:11
Influenza,/m/0cycc,3,BR-SC,Dengue,2020-02,2025-07-22 18:11
Zika virus,/m/080m_5j,3,BR-SC,Dengue,2020-02,2025-07-22 18:11
Infection,/m/098s1,3,BR-SC,Dengue,2020-02,2025-07-22 18:11
Combat,/m/0byj4,3,BR-SC,Dengue,2020-02,2025-07-22 18:11
Zika fever,/m/02vkznh,3,BR-SC,Dengue,2020-02,2025-07-22 18:11
Symptom,/m/01b_06,100,BR-SE,Dengue,2020-02,2025-07-22 18:11
Yellow fever mosquito,/m/06y6_w,63,BR-SE,Dengue,2020-02,2025-07-22 18:11
Mosquito,/m/09f96,45,BR-SE,Dengue,2020-02,2025-07-22 18:11
Chikungunya virus infection,/m/01__7l,29,BR-SE,Dengue,2020-02,2025-07-22 18:11
Physical examination,/m/02vjj4,20,BR-SE,Dengue,2020-02,2025-07-22 18:11
Zika virus,/m/080m_5j,16,BR-SE,Dengue,2020-02,2025-07-22 18:11
Pregnancy,/m/05vqh7,11,BR-SE,Dengue,2020-02,2025-07-22 18:11
HIV/AIDS,/m/0d19y2,11,BR-SE,Dengue,2020-02,2025-07-22 18:11
Symptom,/m/01b_06,100,BR-SP,Dengue,2020-02,2025-07-22 18:11
Mosquito,/m/09f96,34,BR-SP,Dengue,2020-02,2025-07-22 18:11
Yellow fever mosquito,/m/06y6_w,31,BR-SP,Dengue,2020-02,2025-07-22 18:11
Fever,/m/0cjf0,9,BR-SP,Dengue,2020-02,2025-07-22 18:11
Body,/m/0180q,9,BR-SP,Dengue,2020-02,2025-07-22 18:11
Virus,/m/0g9pc,9,BR-SP,Dengue,2020-02,2025-07-22 18:11
Bleeding,/m/012n6x,9,BR-SP,Dengue,2020-02,2025-07-22 18:11
Platelet,/m/01bw6w,7,BR-SP,Dengue,2020-02,2025-07-22 18:11
Physical examination,/m/02vjj4,6,BR-SP,Dengue,2020-02,2025-07-22 18:11
Zika fever,/m/02vkznh,6,BR-SP,Dengue,2020-02,2025-07-22 18:11
Metamizole,/m/08j19g,6,BR-SP,Dengue,2020-02,2025-07-22 18:11
Vaccine,/m/07__7,6,BR-SP,Dengue,2020-02,2025-07-22 18:11
Itch,/m/04kllm9,6,BR-SP,Dengue,2020-02,2025-07-22 18:11
Chikungunya virus infection,/m/01__7l,6,BR-SP,Dengue,2020-02,2025-07-22 18:11
Diarrhea,/m/0f3kl,4,BR-SP,Dengue,2020-02,2025-07-22 18:11
Picada,/m/0b6hz2j,4,BR-SP,Dengue,2020-02,2025-07-22 18:11
Influenza,/m/0cycc,4,BR-SP,Dengue,2020-02,2025-07-22 18:11
Acetaminophen,/m/0lbt3,4,BR-SP,Dengue,2020-02,2025-07-22 18:11
Yam,/m/08vtlt,4,BR-SP,Dengue,2020-02,2025-07-22 18:11
Zika virus,/m/080m_5j,4,BR-SP,Dengue,2020-02,2025-07-22 18:11
Larva,/m/0d9_3,3,BR-SP,Dengue,2020-02,2025-07-22 18:11
Nevus,/m/03rd_n,3,BR-SP,Dengue,2020-02,2025-07-22 18:11
Headache,/m/0j5fv,3,BR-SP,Dengue,2020-02,2025-07-22 18:11
Aedes,/m/01yz26,3,BR-SP,Dengue,2020-02,2025-07-22 18:11
Symptom,/m/01b_06,100,BR-TO,Dengue,2020-02,2025-07-22 18:11
Yellow fever mosquito,/m/06y6_w,54,BR-TO,Dengue,2020-02,2025-07-22 18:11
Mosquito,/m/09f96,51,BR-TO,Dengue,2020-02,2025-07-22 18:11
Chikungunya virus infection,/m/01__7l,36,BR-TO,Dengue,2020-02,2025-07-22 18:11
Zika fever,/m/02vkznh,25,BR-TO,Dengue,2020-02,2025-07-22 18:11
Virus,/m/0g9pc,25,BR-TO,Dengue,2020-02,2025-07-22 18:11
Zika virus,/m/080m_5j,23,BR-TO,Dengue,2020-02,2025-07-22 18:11
Bleeding,/m/012n6x,13,BR-TO,Dengue,2020-02,2025-07-22 18:11
HIV/AIDS,/m/0d19y2,9,BR-TO,Dengue,2020-02,2025-07-22 18:11
Symptom,/m/01b_06,100,BR,Dengue,2020-02,2025-07-22 18:11
Mosquito,/m/09f96,41,BR,Dengue,2020-02,2025-07-22 18:11
Yellow fever mosquito,/m/06y6_w,41,BR,Dengue,2020-02,2025-07-22 18:11
Bleeding,/m/012n6x,10,BR,Dengue,2020-02,2025-07-22 18:11
Virus,/m/0g9pc,9,BR,Dengue,2020-02,2025-07-22 18:11
Fever,/m/0cjf0,8,BR,Dengue,2020-02,2025-07-22 18:11
Body,/m/0180q,8,BR,Dengue,2020-02,2025-07-22 18:11
Zika fever,/m/02vkznh,7,BR,Dengue,2020-02,2025-07-22 18:11
Chikungunya virus infection,/m/01__7l,7,BR,Dengue,2020-02,2025-07-22 18:11
Metamizole,/m/08j19g,6,BR,Dengue,2020-02,2025-07-22 18:11
Platelet,/m/01bw6w,6,BR,Dengue,2020-02,2025-07-22 18:11
Vaccine,/m/07__7,5,BR,Dengue,2020-02,2025-07-22 18:11
Itch,/m/04kllm9,5,BR,Dengue,2020-02,2025-07-22 18:11
Physical examination,/m/02vjj4,5,BR,Dengue,2020-02,2025-07-22 18:11
Picada,/m/0b6hz2j,4,BR,Dengue,2020-02,2025-07-22 18:11
Zika virus,/m/080m_5j,4,BR,Dengue,2020-02,2025-07-22 18:11
Influenza,/m/0cycc,4,BR,Dengue,2020-02,2025-07-22 18:11
Acetaminophen,/m/0lbt3,4,BR,Dengue,2020-02,2025-07-22 18:11
Combat,/m/0byj4,3,BR,Dengue,2020-02,2025-07-22 18:11
Diarrhea,/m/0f3kl,3,BR,Dengue,2020-02,2025-07-22 18:11
Yam,/m/08vtlt,3,BR,Dengue,2020-02,2025-07-22 18:11
Aedes,/m/01yz26,3,BR,Dengue,2020-02,2025-07-22 18:11
Preventive healthcare,/m/0400g4,3,BR,Dengue,2020-02,2025-07-22 18:11
Measles,/m/0g2gb,3,BR,Dengue,2020-02,2025-07-22 18:11
,,,BR-AC,Chikungunya,2020-02,2025-07-22 18:11
Dengue fever,/m/09wsg,100,BR-AL,Chikungunya,2020-02,2025-07-22 18:11
Symptom,/m/01b_06,88,BR-AL,Chikungunya,2020-02,2025-07-22 18:11
Zika fever,/m/02vkznh,81,BR-AL,Chikungunya,2020-02,2025-07-22 18:11
Virus,/m/0g9pc,61,BR-AL,Chikungunya,2020-02,2025-07-22 18:11
Dengue fever,/m/09wsg,100,BR-AM,Chikungunya,2020-02,2025-07-22 18:11
Symptom,/m/01b_06,68,BR-AM,Chikungunya,2020-02,2025-07-22 18:11
Zika fever,/m/02vkznh,54,BR-AM,Chikungunya,2020-02,2025-07-22 18:11
,,,BR-AP,Chikungunya,2020-02,2025-07-22 18:11
Symptom,/m/01b_06,100,BR-BA,Chikungunya,2020-02,2025-07-22 18:11
Dengue fever,/m/09wsg,60,BR-BA,Chikungunya,2020-02,2025-07-22 18:11
Zika fever,/m/02vkznh,58,BR-BA,Chikungunya,2020-02,2025-07-22 18:11
Zika virus,/m/080m_5j,38,BR-BA,Chikungunya,2020-02,2025-07-22 18:11
Pain,/m/062t2,26,BR-BA,Chikungunya,2020-02,2025-07-22 18:11
Virus,/m/0g9pc,24,BR-BA,Chikungunya,2020-02,2025-07-22 18:11
Body,/m/0180q,14,BR-BA,Chikungunya,2020-02,2025-07-22 18:11
International Classification of Diseases,/m/03zlr,10,BR-BA,Chikungunya,2020-02,2025-07-22 18:11
Joint,/m/01dvt1,10,BR-BA,Chikungunya,2020-02,2025-07-22 18:11
Itch,/m/04kllm9,8,BR-BA,Chikungunya,2020-02,2025-07-22 18:11
Sequela,/m/05smdx,6,BR-BA,Chikungunya,2020-02,2025-07-22 18:11
Pharmaceutical drug,/m/018l35,6,BR-BA,Chikungunya,2020-02,2025-07-22 18:11
Yellow fever mosquito,/m/06y6_w,6,BR-BA,Chikungunya,2020-02,2025-07-22 18:11
Therapy,/m/03c1dkx,5,BR-BA,Chikungunya,2020-02,2025-07-22 18:11
Infection,/m/098s1,5,BR-BA,Chikungunya,2020-02,2025-07-22 18:11
Physical examination,/m/02vjj4,4,BR-BA,Chikungunya,2020-02,2025-07-22 18:11
Leg,/m/035r7c,4,BR-BA,Chikungunya,2020-02,2025-07-22 18:11
Serology,/m/042s2_,4,BR-BA,Chikungunya,2020-02,2025-07-22 18:11
Mosquito,/m/09f96,4,BR-BA,Chikungunya,2020-02,2025-07-22 18:11
Laboratory,/m/017clw,3,BR-BA,Chikungunya,2020-02,2025-07-22 18:11
Epidemic,/m/0hn9s,3,BR-BA,Chikungunya,2020-02,2025-07-22 18:11
Headache,/m/0j5fv,3,BR-BA,Chikungunya,2020-02,2025-07-22 18:11
Fever,/m/0cjf0,3,BR-BA,Chikungunya,2020-02,2025-07-22 18:11
Dengue fever,/m/09wsg,100,BR-CE,Chikungunya,2020-02,2025-07-22 18:11
Zika fever,/m/02vkznh,81,BR-CE,Chikungunya,2020-02,2025-07-22 18:11
Symptom,/m/01b_06,70,BR-CE,Chikungunya,2020-02,2025-07-22 18:11
Virus,/m/0g9pc,58,BR-CE,Chikungunya,2020-02,2025-07-22 18:11
Zika virus,/m/080m_5j,29,BR-CE,Chikungunya,2020-02,2025-07-22 18:11
Disease,/m/027x3,20,BR-CE,Chikungunya,2020-02,2025-07-22 18:11
Yellow fever mosquito,/m/06y6_w,11,BR-CE,Chikungunya,2020-02,2025-07-22 18:11
Dengue fever,/m/09wsg,100,BR-DF,Chikungunya,2020-02,2025-07-22 18:11
Zika fever,/m/02vkznh,92,BR-DF,Chikungunya,2020-02,2025-07-22 18:11
Symptom,/m/01b_06,75,BR-DF,Chikungunya,2020-02,2025-07-22 18:11
Zika virus,/m/080m_5j,54,BR-DF,Chikungunya,2020-02,2025-07-22 18:11
Virus,/m/0g9pc,23,BR-DF,Chikungunya,2020-02,2025-07-22 18:11
Symptom,/m/01b_06,100,BR-ES,Chikungunya,2020-02,2025-07-22 18:11
Dengue fever,/m/09wsg,50,BR-ES,Chikungunya,2020-02,2025-07-22 18:11
Zika fever,/m/02vkznh,39,BR-ES,Chikungunya,2020-02,2025-07-22 18:11
Pain,/m/062t2,24,BR-ES,Chikungunya,2020-02,2025-07-22 18:11
Zika virus,/m/080m_5j,20,BR-ES,Chikungunya,2020-02,2025-07-22 18:11
Therapy,/m/03c1dkx,12,BR-ES,Chikungunya,2020-02,2025-07-22 18:11
Virus,/m/0g9pc,12,BR-ES,Chikungunya,2020-02,2025-07-22 18:11
Disease,/m/027x3,7,BR-ES,Chikungunya,2020-02,2025-07-22 18:11
Serology,/m/042s2_,5,BR-ES,Chikungunya,2020-02,2025-07-22 18:11
Physical examination,/m/02vjj4,3,BR-ES,Chikungunya,2020-02,2025-07-22 18:11
Dengue fever,/m/09wsg,100,BR-GO,Chikungunya,2020-02,2025-07-22 18:11
Zika fever,/m/02vkznh,92,BR-GO,Chikungunya,2020-02,2025-07-22 18:11
Symptom,/m/01b_06,91,BR-GO,Chikungunya,2020-02,2025-07-22 18:11
Virus,/m/0g9pc,67,BR-GO,Chikungunya,2020-02,2025-07-22 18:11
Zika virus,/m/080m_5j,57,BR-GO,Chikungunya,2020-02,2025-07-22 18:11
Yellow fever mosquito,/m/06y6_w,15,BR-GO,Chikungunya,2020-02,2025-07-22 18:11
Zika fever,/m/02vkznh,100,BR-MA,Chikungunya,2020-02,2025-07-22 18:11
Dengue fever,/m/09wsg,90,BR-MA,Chikungunya,2020-02,2025-07-22 18:11
Zika virus,/m/080m_5j,69,BR-MA,Chikungunya,2020-02,2025-07-22 18:11
Symptom,/m/01b_06,56,BR-MA,Chikungunya,2020-02,2025-07-22 18:11
Dengue fever,/m/09wsg,100,BR-MG,Chikungunya,2020-02,2025-07-22 18:11
Zika fever,/m/02vkznh,84,BR-MG,Chikungunya,2020-02,2025-07-22 18:11
Symptom,/m/01b_06,83,BR-MG,Chikungunya,2020-02,2025-07-22 18:11
Virus,/m/0g9pc,58,BR-MG,Chikungunya,2020-02,2025-07-22 18:11
Zika virus,/m/080m_5j,39,BR-MG,Chikungunya,2020-02,2025-07-22 18:11
Yellow fever mosquito,/m/06y6_w,16,BR-MG,Chikungunya,2020-02,2025-07-22 18:11
Mosquito,/m/09f96,16,BR-MG,Chikungunya,2020-02,2025-07-22 18:11
Physical examination,/m/02vjj4,12,BR-MG,Chikungunya,2020-02,2025-07-22 18:11
Disease,/m/027x3,12,BR-MG,Chikungunya,2020-02,2025-07-22 18:11
Fever,/m/0cjf0,12,BR-MG,Chikungunya,2020-02,2025-07-22 18:11
Vaccine,/m/07__7,6,BR-MG,Chikungunya,2020-02,2025-07-22 18:11
Symptom,/m/01b_06,100,BR-MS,Chikungunya,2020-02,2025-07-22 18:11
Dengue fever,/m/09wsg,68,BR-MS,Chikungunya,2020-02,2025-07-22 18:11
Zika virus,/m/080m_5j,61,BR-MS,Chikungunya,2020-02,2025-07-22 18:11
Zika fever,/m/02vkznh,58,BR-MS,Chikungunya,2020-02,2025-07-22 18:11
Yellow fever mosquito,/m/06y6_w,41,BR-MS,Chikungunya,2020-02,2025-07-22 18:11
Virus,/m/0g9pc,30,BR-MS,Chikungunya,2020-02,2025-07-22 18:11
Zika fever,/m/02vkznh,100,BR-MT,Chikungunya,2020-02,2025-07-22 18:11
Dengue fever,/m/09wsg,95,BR-MT,Chikungunya,2020-02,2025-07-22 18:11
Symptom,/m/01b_06,86,BR-MT,Chikungunya,2020-02,2025-07-22 18:11
Zika virus,/m/080m_5j,69,BR-MT,Chikungunya,2020-02,2025-07-22 18:11
Virus,/m/0g9pc,40,BR-MT,Chikungunya,2020-02,2025-07-22 18:11
Disease,/m/027x3,30,BR-MT,Chikungunya,2020-02,2025-07-22 18:11
Dengue fever,/m/09wsg,100,BR-PA,Chikungunya,2020-02,2025-07-22 18:11
Zika fever,/m/02vkznh,98,BR-PA,Chikungunya,2020-02,2025-07-22 18:11
Zika virus,/m/080m_5j,65,BR-PA,Chikungunya,2020-02,2025-07-22 18:11
Virus,/m/0g9pc,62,BR-PA,Chikungunya,2020-02,2025-07-22 18:11
Symptom,/m/01b_06,57,BR-PA,Chikungunya,2020-02,2025-07-22 18:11
Fever,/m/0cjf0,27,BR-PA,Chikungunya,2020-02,2025-07-22 18:11
Yellow fever,/m/087z2,25,BR-PA,Chikungunya,2020-02,2025-07-22 18:11
Skin,/m/06z04,17,BR-PA,Chikungunya,2020-02,2025-07-22 18:11
Body,/m/0180q,10,BR-PA,Chikungunya,2020-02,2025-07-22 18:11
Dengue fever,/m/09wsg,100,BR-PB,Chikungunya,2020-02,2025-07-22 18:11
Symptom,/m/01b_06,90,BR-PB,Chikungunya,2020-02,2025-07-22 18:11
Zika fever,/m/02vkznh,100,BR-PE,Chikungunya,2020-02,2025-07-22 18:11
Dengue fever,/m/09wsg,82,BR-PE,Chikungunya,2020-02,2025-07-22 18:11
Symptom,/m/01b_06,71,BR-PE,Chikungunya,2020-02,2025-07-22 18:11
Zika virus,/m/080m_5j,37,BR-PE,Chikungunya,2020-02,2025-07-22 18:11
Pain,/m/062t2,27,BR-PE,Chikungunya,2020-02,2025-07-22 18:11
Virus,/m/0g9pc,25,BR-PE,Chikungunya,2020-02,2025-07-22 18:11
Zika virus,/m/080m_5j,100,BR-PI,Chikungunya,2020-02,2025-07-22 18:11
Zika fever,/m/02vkznh,96,BR-PI,Chikungunya,2020-02,2025-07-22 18:11
Dengue fever,/m/09wsg,93,BR-PI,Chikungunya,2020-02,2025-07-22 18:11
Symptom,/m/01b_06,82,BR-PI,Chikungunya,2020-02,2025-07-22 18:11
Virus,/m/0g9pc,69,BR-PI,Chikungunya,2020-02,2025-07-22 18:11
Dengue fever,/m/09wsg,100,BR-PR,Chikungunya,2020-02,2025-07-22 18:11
Zika fever,/m/02vkznh,81,BR-PR,Chikungunya,2020-02,2025-07-22 18:11
Symptom,/m/01b_06,71,BR-PR,Chikungunya,2020-02,2025-07-22 18:11
Zika virus,/m/080m_5j,38,BR-PR,Chikungunya,2020-02,2025-07-22 18:11
Virus,/m/0g9pc,31,BR-PR,Chikungunya,2020-02,2025-07-22 18:11
Disease,/m/027x3,18,BR-PR,Chikungunya,2020-02,2025-07-22 18:11
Aedes,/m/01yz26,12,BR-PR,Chikungunya,2020-02,2025-07-22 18:11
Yellow fever mosquito,/m/06y6_w,11,BR-PR,Chikungunya,2020-02,2025-07-22 18:11
Mosquito,/m/09f96,10,BR-PR,Chikungunya,2020-02,2025-07-22 18:11
Pain,/m/062t2,8,BR-PR,Chikungunya,2020-02,2025-07-22 18:11
Physical examination,/m/02vjj4,6,BR-PR,Chikungunya,2020-02,2025-07-22 18:11
Symptom,/m/01b_06,100,BR-RJ,Chikungunya,2020-02,2025-07-22 18:11
Dengue fever,/m/09wsg,79,BR-RJ,Chikungunya,2020-02,2025-07-22 18:11
Zika fever,/m/02vkznh,64,BR-RJ,Chikungunya,2020-02,2025-07-22 18:11
Zika virus,/m/080m_5j,32,BR-RJ,Chikungunya,2020-02,2025-07-22 18:11
Pain,/m/062t2,22,BR-RJ,Chikungunya,2020-02,2025-07-22 18:11
Virus,/m/0g9pc,17,BR-RJ,Chikungunya,2020-02,2025-07-22 18:11
Disease,/m/027x3,13,BR-RJ,Chikungunya,2020-02,2025-07-22 18:11
Mosquito,/m/09f96,12,BR-RJ,Chikungunya,2020-02,2025-07-22 18:11
Yellow fever mosquito,/m/06y6_w,11,BR-RJ,Chikungunya,2020-02,2025-07-22 18:11
Yellow fever,/m/087z2,8,BR-RJ,Chikungunya,2020-02,2025-07-22 18:11
Aedes,/m/01yz26,7,BR-RJ,Chikungunya,2020-02,2025-07-22 18:11
Arbovirus,/m/02cbnk,7,BR-RJ,Chikungunya,2020-02,2025-07-22 18:11
Swine influenza,/m/057c6k,6,BR-RJ,Chikungunya,2020-02,2025-07-22 18:11
Physical examination,/m/02vjj4,6,BR-RJ,Chikungunya,2020-02,2025-07-22 18:11
Influenza,/m/0cycc,5,BR-RJ,Chikungunya,2020-02,2025-07-22 18:11
Diagnosis,/g/155pjm37,5,BR-RJ,Chikungunya,2020-02,2025-07-22 18:11
Inflammation,/m/0j7_w,5,BR-RJ,Chikungunya,2020-02,2025-07-22 18:11
arbovirosis,/g/123b908k,5,BR-RJ,Chikungunya,2020-02,2025-07-22 18:11
Fatigue,/m/01j6t0,4,BR-RJ,Chikungunya,2020-02,2025-07-22 18:11
Rheumatoid arthritis,/m/06g7c,4,BR-RJ,Chikungunya,2020-02,2025-07-22 18:11
Measles,/m/0g2gb,4,BR-RJ,Chikungunya,2020-02,2025-07-22 18:11
Joint,/m/01dvt1,3,BR-RJ,Chikungunya,2020-02,2025-07-22 18:11
Nausea,/m/0gxb2,3,BR-RJ,Chikungunya,2020-02,2025-07-22 18:11
Symptom,/m/01b_06,100,BR-RN,Chikungunya,2020-02,2025-07-22 18:12
Dengue fever,/m/09wsg,87,BR-RN,Chikungunya,2020-02,2025-07-22 18:12
Zika fever,/m/02vkznh,82,BR-RN,Chikungunya,2020-02,2025-07-22 18:12
Pain,/m/062t2,29,BR-RN,Chikungunya,2020-02,2025-07-22 18:12
Virus,/m/0g9pc,26,BR-RN,Chikungunya,2020-02,2025-07-22 18:12
Symptom,/m/01b_06,100,BR-RO,Chikungunya,2020-02,2025-07-22 18:12
Dengue fever,/m/09wsg,96,BR-RO,Chikungunya,2020-02,2025-07-22 18:12
,,,BR-RR,Chikungunya,2020-02,2025-07-22 18:12
Dengue fever,/m/09wsg,100,BR-RS,Chikungunya,2020-02,2025-07-22 18:12
Symptom,/m/01b_06,73,BR-RS,Chikungunya,2020-02,2025-07-22 18:12
Zika fever,/m/02vkznh,50,BR-RS,Chikungunya,2020-02,2025-07-22 18:12
Yellow fever mosquito,/m/06y6_w,44,BR-RS,Chikungunya,2020-02,2025-07-22 18:12
Virus,/m/0g9pc,40,BR-RS,Chikungunya,2020-02,2025-07-22 18:12
Disease,/m/027x3,29,BR-RS,Chikungunya,2020-02,2025-07-22 18:12
Zika virus,/m/080m_5j,27,BR-RS,Chikungunya,2020-02,2025-07-22 18:12
Mosquito,/m/09f96,26,BR-RS,Chikungunya,2020-02,2025-07-22 18:12
Yellow fever,/m/087z2,14,BR-RS,Chikungunya,2020-02,2025-07-22 18:12
Dengue fever,/m/09wsg,100,BR-SC,Chikungunya,2020-02,2025-07-22 18:12
Zika fever,/m/02vkznh,86,BR-SC,Chikungunya,2020-02,2025-07-22 18:12
Symptom,/m/01b_06,80,BR-SC,Chikungunya,2020-02,2025-07-22 18:12
Zika virus,/m/080m_5j,39,BR-SC,Chikungunya,2020-02,2025-07-22 18:12
Virus,/m/0g9pc,39,BR-SC,Chikungunya,2020-02,2025-07-22 18:12
Pain,/m/062t2,27,BR-SC,Chikungunya,2020-02,2025-07-22 18:12
Symptom,/m/01b_06,100,BR-SE,Chikungunya,2020-02,2025-07-22 18:12
Dengue fever,/m/09wsg,82,BR-SE,Chikungunya,2020-02,2025-07-22 18:12
Dengue fever,/m/09wsg,100,BR-SP,Chikungunya,2020-02,2025-07-22 18:12
Zika fever,/m/02vkznh,89,BR-SP,Chikungunya,2020-02,2025-07-22 18:12
Symptom,/m/01b_06,81,BR-SP,Chikungunya,2020-02,2025-07-22 18:12
Zika virus,/m/080m_5j,48,BR-SP,Chikungunya,2020-02,2025-07-22 18:12
Virus,/m/0g9pc,34,BR-SP,Chikungunya,2020-02,2025-07-22 18:12
Mosquito,/m/09f96,13,BR-SP,Chikungunya,2020-02,2025-07-22 18:12
Yellow fever mosquito,/m/06y6_w,12,BR-SP,Chikungunya,2020-02,2025-07-22 18:12
Disease,/m/027x3,11,BR-SP,Chikungunya,2020-02,2025-07-22 18:12
Yellow fever,/m/087z2,8,BR-SP,Chikungunya,2020-02,2025-07-22 18:12
Body,/m/0180q,7,BR-SP,Chikungunya,2020-02,2025-07-22 18:12
Aedes,/m/01yz26,6,BR-SP,Chikungunya,2020-02,2025-07-22 18:12
Preventive healthcare,/m/0400g4,5,BR-SP,Chikungunya,2020-02,2025-07-22 18:12
Measles,/m/0g2gb,4,BR-SP,Chikungunya,2020-02,2025-07-22 18:12
Fever,/m/0cjf0,4,BR-SP,Chikungunya,2020-02,2025-07-22 18:12
Physical examination,/m/02vjj4,4,BR-SP,Chikungunya,2020-02,2025-07-22 18:12
Vaccine,/m/07__7,3,BR-SP,Chikungunya,2020-02,2025-07-22 18:12
Ministry of Health of Brazil,/m/0c3ty1w,3,BR-SP,Chikungunya,2020-02,2025-07-22 18:12
Microcephaly,/m/01hrbm,2,BR-SP,Chikungunya,2020-02,2025-07-22 18:12
Combat,/m/0byj4,2,BR-SP,Chikungunya,2020-02,2025-07-22 18:12
Swine influenza,/m/057c6k,1,BR-SP,Chikungunya,2020-02,2025-07-22 18:12
Nevus,/m/03rd_n,1,BR-SP,Chikungunya,2020-02,2025-07-22 18:12
Dengue fever,/m/09wsg,100,BR-TO,Chikungunya,2020-02,2025-07-22 18:12
Symptom,/m/01b_06,87,BR-TO,Chikungunya,2020-02,2025-07-22 18:12
Zika fever,/m/02vkznh,67,BR-TO,Chikungunya,2020-02,2025-07-22 18:12
Symptom,/m/01b_06,100,BR,Chikungunya,2020-02,2025-07-22 18:12
Dengue fever,/m/09wsg,98,BR,Chikungunya,2020-02,2025-07-22 18:12
Zika fever,/m/02vkznh,89,BR,Chikungunya,2020-02,2025-07-22 18:12
Zika virus,/m/080m_5j,48,BR,Chikungunya,2020-02,2025-07-22 18:12
Virus,/m/0g9pc,35,BR,Chikungunya,2020-02,2025-07-22 18:12
Pain,/m/062t2,19,BR,Chikungunya,2020-02,2025-07-22 18:12
Disease,/m/027x3,14,BR,Chikungunya,2020-02,2025-07-22 18:12
Mosquito,/m/09f96,12,BR,Chikungunya,2020-02,2025-07-22 18:12
Yellow fever mosquito,/m/06y6_w,11,BR,Chikungunya,2020-02,2025-07-22 18:12
Yellow fever,/m/087z2,10,BR,Chikungunya,2020-02,2025-07-22 18:12
Fever,/m/0cjf0,8,BR,Chikungunya,2020-02,2025-07-22 18:12
Physical examination,/m/02vjj4,7,BR,Chikungunya,2020-02,2025-07-22 18:12
Aedes,/m/01yz26,7,BR,Chikungunya,2020-02,2025-07-22 18:12
Sequela,/m/05smdx,5,BR,Chikungunya,2020-02,2025-07-22 18:12
Joint,/m/01dvt1,5,BR,Chikungunya,2020-02,2025-07-22 18:12
Measles,/m/0g2gb,5,BR,Chikungunya,2020-02,2025-07-22 18:12
Preventive healthcare,/m/0400g4,5,BR,Chikungunya,2020-02,2025-07-22 18:12
Diagnosis,/g/155pjm37,4,BR,Chikungunya,2020-02,2025-07-22 18:12
HIV/AIDS,/m/0d19y2,4,BR,Chikungunya,2020-02,2025-07-22 18:12
Infection,/m/098s1,3,BR,Chikungunya,2020-02,2025-07-22 18:12
Influenza,/m/0cycc,3,BR,Chikungunya,2020-02,2025-07-22 18:12
Arbovirus,/m/02cbnk,3,BR,Chikungunya,2020-02,2025-07-22 18:12
Ministry of Health of Brazil,/m/0c3ty1w,3,BR,Chikungunya,2020-02,2025-07-22 18:12
Serology,/m/042s2_,3,BR,Chikungunya,2020-02,2025-07-22 18:12
Fever,/m/0cjf0,76,BR-AC,Influenza/gripe,2020-02,2025-07-22 18:12
Home remedy,/m/044zht,40,BR-AC,Influenza/gripe,2020-02,2025-07-22 18:12
Symptom,/m/01b_06,59,BR-AL,Influenza/gripe,2020-02,2025-07-22 18:12
Common cold,/m/0n073,51,BR-AL,Influenza/gripe,2020-02,2025-07-22 18:12
Virus,/m/0g9pc,49,BR-AL,Influenza/gripe,2020-02,2025-07-22 18:12
Tea,/m/07clx,47,BR-AL,Influenza/gripe,2020-02,2025-07-22 18:12
Child,/m/0ytgt,39,BR-AL,Influenza/gripe,2020-02,2025-07-22 18:12
Cough,/m/01b_21,36,BR-AL,Influenza/gripe,2020-02,2025-07-22 18:12
Swine influenza,/m/057c6k,32,BR-AL,Influenza/gripe,2020-02,2025-07-22 18:12
Coronavirus,/m/01cpyy,31,BR-AL,Influenza/gripe,2020-02,2025-07-22 18:12
Vaccine,/m/07__7,30,BR-AL,Influenza/gripe,2020-02,2025-07-22 18:12
Spanish flu,/m/01c751,29,BR-AL,Influenza/gripe,2020-02,2025-07-22 18:12
Vitamin,/m/07zry,27,BR-AL,Influenza/gripe,2020-02,2025-07-22 18:12
Home remedy,/m/044zht,26,BR-AL,Influenza/gripe,2020-02,2025-07-22 18:12
Throat,/m/0mhy4,24,BR-AL,Influenza/gripe,2020-02,2025-07-22 18:12
Coffee,/m/02vqfm,22,BR-AL,Influenza/gripe,2020-02,2025-07-22 18:12
Lemon,/g/1yxkhgd6l,21,BR-AL,Influenza/gripe,2020-02,2025-07-22 18:12
Garlic,/m/0dbrl,19,BR-AL,Influenza/gripe,2020-02,2025-07-22 18:12
HIV/AIDS,/m/0d19y2,18,BR-AL,Influenza/gripe,2020-02,2025-07-22 18:12
Influenza vaccine,/m/0416v7,15,BR-AL,Influenza/gripe,2020-02,2025-07-22 18:12
Inflammation,/m/0j7_w,14,BR-AL,Influenza/gripe,2020-02,2025-07-22 18:12
Disease,/m/027x3,12,BR-AL,Influenza/gripe,2020-02,2025-07-22 18:12
Fever,/m/0cjf0,11,BR-AL,Influenza/gripe,2020-02,2025-07-22 18:12
Nose,/m/0k0pj,11,BR-AL,Influenza/gripe,2020-02,2025-07-22 18:12
Symptom,/m/01b_06,61,BR-AM,Influenza/gripe,2020-02,2025-07-22 18:12
Tea,/m/07clx,52,BR-AM,Influenza/gripe,2020-02,2025-07-22 18:12
Virus,/m/0g9pc,45,BR-AM,Influenza/gripe,2020-02,2025-07-22 18:12
Coronavirus,/m/01cpyy,36,BR-AM,Influenza/gripe,2020-02,2025-07-22 18:12
Inflammation,/m/0j7_w,35,BR-AM,Influenza/gripe,2020-02,2025-07-22 18:12
Home remedy,/m/044zht,33,BR-AM,Influenza/gripe,2020-02,2025-07-22 18:12
Vaccine,/m/07__7,27,BR-AM,Influenza/gripe,2020-02,2025-07-22 18:12
Throat,/m/0mhy4,27,BR-AM,Influenza/gripe,2020-02,2025-07-22 18:12
Common cold,/m/0n073,23,BR-AM,Influenza/gripe,2020-02,2025-07-22 18:12
Influenza vaccine,/m/0416v7,20,BR-AM,Influenza/gripe,2020-02,2025-07-22 18:12
Fever,/m/0cjf0,20,BR-AM,Influenza/gripe,2020-02,2025-07-22 18:12
Spanish flu,/m/01c751,19,BR-AM,Influenza/gripe,2020-02,2025-07-22 18:12
Swine influenza,/m/057c6k,18,BR-AM,Influenza/gripe,2020-02,2025-07-22 18:12
Dengue fever,/m/09wsg,17,BR-AM,Influenza/gripe,2020-02,2025-07-22 18:12
Nose,/m/0k0pj,15,BR-AM,Influenza/gripe,2020-02,2025-07-22 18:12
Disease,/m/027x3,14,BR-AM,Influenza/gripe,2020-02,2025-07-22 18:12
Therapy,/m/03c1dkx,11,BR-AM,Influenza/gripe,2020-02,2025-07-22 18:12
Sore throat,/m/0b76bty,10,BR-AM,Influenza/gripe,2020-02,2025-07-22 18:12
Vitamin,/m/07zry,9,BR-AM,Influenza/gripe,2020-02,2025-07-22 18:12
Ascorbic acid,/m/0y44,8,BR-AM,Influenza/gripe,2020-02,2025-07-22 18:12
Child,/m/0ytgt,100,BR-AP,Influenza/gripe,2020-02,2025-07-22 18:12
Infant,/m/0jnvp,74,BR-AP,Influenza/gripe,2020-02,2025-07-22 18:12
Fever,/m/0cjf0,39,BR-AP,Influenza/gripe,2020-02,2025-07-22 18:12
Tea,/m/07clx,78,BR-BA,Influenza/gripe,2020-02,2025-07-22 18:12
Symptom,/m/01b_06,57,BR-BA,Influenza/gripe,2020-02,2025-07-22 18:12
Coronavirus,/m/01cpyy,40,BR-BA,Influenza/gripe,2020-02,2025-07-22 18:12
Common cold,/m/0n073,31,BR-BA,Influenza/gripe,2020-02,2025-07-22 18:12
Pain,/m/062t2,31,BR-BA,Influenza/gripe,2020-02,2025-07-22 18:12
Vaccine,/m/07__7,30,BR-BA,Influenza/gripe,2020-02,2025-07-22 18:12
Virus,/m/0g9pc,30,BR-BA,Influenza/gripe,2020-02,2025-07-22 18:12
Home remedy,/m/044zht,24,BR-BA,Influenza/gripe,2020-02,2025-07-22 18:12
Throat,/m/0mhy4,22,BR-BA,Influenza/gripe,2020-02,2025-07-22 18:12
Cough,/m/01b_21,21,BR-BA,Influenza/gripe,2020-02,2025-07-22 18:12
Lemon,/g/1yxkhgd6l,21,BR-BA,Influenza/gripe,2020-02,2025-07-22 18:12
Fever,/m/0cjf0,19,BR-BA,Influenza/gripe,2020-02,2025-07-22 18:12
Swine influenza,/m/057c6k,18,BR-BA,Influenza/gripe,2020-02,2025-07-22 18:12
Spanish flu,/m/01c751,16,BR-BA,Influenza/gripe,2020-02,2025-07-22 18:12
Influenza vaccine,/m/0416v7,15,BR-BA,Influenza/gripe,2020-02,2025-07-22 18:12
Catarrh,/m/0403w_,13,BR-BA,Influenza/gripe,2020-02,2025-07-22 18:12
Sore throat,/m/0b76bty,13,BR-BA,Influenza/gripe,2020-02,2025-07-22 18:12
Inflammation,/m/0j7_w,12,BR-BA,Influenza/gripe,2020-02,2025-07-22 18:12
Nose,/m/0k0pj,12,BR-BA,Influenza/gripe,2020-02,2025-07-22 18:12
Honey,/m/03qmh,11,BR-BA,Influenza/gripe,2020-02,2025-07-22 18:12
Allergy,/m/0fd23,11,BR-BA,Influenza/gripe,2020-02,2025-07-22 18:12
Dengue fever,/m/09wsg,10,BR-BA,Influenza/gripe,2020-02,2025-07-22 18:12
Headache,/m/0j5fv,9,BR-BA,Influenza/gripe,2020-02,2025-07-22 18:12
Garlic,/m/0dbrl,8,BR-BA,Influenza/gripe,2020-02,2025-07-22 18:12
Symptom,/m/01b_06,64,BR-CE,Influenza/gripe,2020-02,2025-07-22 18:12
Tea,/m/07clx,51,BR-CE,Influenza/gripe,2020-02,2025-07-22 18:12
Pain,/m/062t2,41,BR-CE,Influenza/gripe,2020-02,2025-07-22 18:12
Coronavirus,/m/01cpyy,35,BR-CE,Influenza/gripe,2020-02,2025-07-22 18:12
Fever,/m/0cjf0,27,BR-CE,Influenza/gripe,2020-02,2025-07-22 18:12
Vaccine,/m/07__7,27,BR-CE,Influenza/gripe,2020-02,2025-07-22 18:12
Cough,/m/01b_21,27,BR-CE,Influenza/gripe,2020-02,2025-07-22 18:12
Virus,/m/0g9pc,26,BR-CE,Influenza/gripe,2020-02,2025-07-22 18:12
Throat,/m/0mhy4,26,BR-CE,Influenza/gripe,2020-02,2025-07-22 18:12
Spanish flu,/m/01c751,20,BR-CE,Influenza/gripe,2020-02,2025-07-22 18:12
Common cold,/m/0n073,20,BR-CE,Influenza/gripe,2020-02,2025-07-22 18:12
Swine influenza,/m/057c6k,19,BR-CE,Influenza/gripe,2020-02,2025-07-22 18:12
Head,/m/04hgtk,17,BR-CE,Influenza/gripe,2020-02,2025-07-22 18:12
Home remedy,/m/044zht,17,BR-CE,Influenza/gripe,2020-02,2025-07-22 18:12
Lemon,/g/1yxkhgd6l,17,BR-CE,Influenza/gripe,2020-02,2025-07-22 18:12
Disease,/m/027x3,15,BR-CE,Influenza/gripe,2020-02,2025-07-22 18:12
Nose,/m/0k0pj,15,BR-CE,Influenza/gripe,2020-02,2025-07-22 18:12
Juice,/m/01z1kdw,15,BR-CE,Influenza/gripe,2020-02,2025-07-22 18:12
Catarrh,/m/0403w_,14,BR-CE,Influenza/gripe,2020-02,2025-07-22 18:12
Sore throat,/m/0b76bty,13,BR-CE,Influenza/gripe,2020-02,2025-07-22 18:12
Garlic,/m/0dbrl,13,BR-CE,Influenza/gripe,2020-02,2025-07-22 18:12
Viral Infection,/m/02kc20m,13,BR-CE,Influenza/gripe,2020-02,2025-07-22 18:12
Vitamin,/m/07zry,12,BR-CE,Influenza/gripe,2020-02,2025-07-22 18:12
Dengue fever,/m/09wsg,10,BR-CE,Influenza/gripe,2020-02,2025-07-22 18:12
Vaccine,/m/07__7,84,BR-DF,Influenza/gripe,2020-02,2025-07-22 18:12
Symptom,/m/01b_06,74,BR-DF,Influenza/gripe,2020-02,2025-07-22 18:12
Coronavirus,/m/01cpyy,72,BR-DF,Influenza/gripe,2020-02,2025-07-22 18:12
Tea,/m/07clx,68,BR-DF,Influenza/gripe,2020-02,2025-07-22 18:12
Virus,/m/0g9pc,59,BR-DF,Influenza/gripe,2020-02,2025-07-22 18:12
Spanish flu,/m/01c751,52,BR-DF,Influenza/gripe,2020-02,2025-07-22 18:12
Influenza vaccine,/m/0416v7,40,BR-DF,Influenza/gripe,2020-02,2025-07-22 18:12
Common cold,/m/0n073,34,BR-DF,Influenza/gripe,2020-02,2025-07-22 18:12
Mortality rate,/m/01b4_q,32,BR-DF,Influenza/gripe,2020-02,2025-07-22 18:12
Dengue fever,/m/09wsg,29,BR-DF,Influenza/gripe,2020-02,2025-07-22 18:12
Cough,/m/01b_21,26,BR-DF,Influenza/gripe,2020-02,2025-07-22 18:12
Swine influenza,/m/057c6k,25,BR-DF,Influenza/gripe,2020-02,2025-07-22 18:12
Lemon,/g/1yxkhgd6l,24,BR-DF,Influenza/gripe,2020-02,2025-07-22 18:12
Pneumonia,/m/0dq9p,22,BR-DF,Influenza/gripe,2020-02,2025-07-22 18:12
Fever,/m/0cjf0,21,BR-DF,Influenza/gripe,2020-02,2025-07-22 18:12
Home remedy,/m/044zht,17,BR-DF,Influenza/gripe,2020-02,2025-07-22 18:12
Throat,/m/0mhy4,16,BR-DF,Influenza/gripe,2020-02,2025-07-22 18:12
Catarrh,/m/0403w_,15,BR-DF,Influenza/gripe,2020-02,2025-07-22 18:12
Allergy,/m/0fd23,14,BR-DF,Influenza/gripe,2020-02,2025-07-22 18:12
Rate,/m/01x1q9,14,BR-DF,Influenza/gripe,2020-02,2025-07-22 18:12
Evil,/m/02plx,14,BR-DF,Influenza/gripe,2020-02,2025-07-22 18:12
Nose,/m/0k0pj,13,BR-DF,Influenza/gripe,2020-02,2025-07-22 18:12
Garlic,/m/0dbrl,13,BR-DF,Influenza/gripe,2020-02,2025-07-22 18:12
Coronavirus,/m/01cpyy,100,BR-ES,Influenza/gripe,2020-02,2025-07-22 18:12
Influenzavirus A,/m/028tns,99,BR-ES,Influenza/gripe,2020-02,2025-07-22 18:12
Symptom,/m/01b_06,96,BR-ES,Influenza/gripe,2020-02,2025-07-22 18:12
Virus,/m/0g9pc,70,BR-ES,Influenza/gripe,2020-02,2025-07-22 18:12
Vaccine,/m/07__7,70,BR-ES,Influenza/gripe,2020-02,2025-07-22 18:12
Tea,/m/07clx,50,BR-ES,Influenza/gripe,2020-02,2025-07-22 18:12
Spanish flu,/m/01c751,45,BR-ES,Influenza/gripe,2020-02,2025-07-22 18:12
Swine influenza,/m/057c6k,39,BR-ES,Influenza/gripe,2020-02,2025-07-22 18:12
Cough,/m/01b_21,27,BR-ES,Influenza/gripe,2020-02,2025-07-22 18:12
Common cold,/m/0n073,26,BR-ES,Influenza/gripe,2020-02,2025-07-22 18:12
Lemon,/g/1yxkhgd6l,23,BR-ES,Influenza/gripe,2020-02,2025-07-22 18:12
Honey,/m/03qmh,22,BR-ES,Influenza/gripe,2020-02,2025-07-22 18:12
Mask,/m/01kr41,22,BR-ES,Influenza/gripe,2020-02,2025-07-22 18:12
Throat,/m/0mhy4,21,BR-ES,Influenza/gripe,2020-02,2025-07-22 18:12
Fever,/m/0cjf0,18,BR-ES,Influenza/gripe,2020-02,2025-07-22 18:12
Mortality rate,/m/01b4_q,16,BR-ES,Influenza/gripe,2020-02,2025-07-22 18:12
Influenza vaccine,/m/0416v7,15,BR-ES,Influenza/gripe,2020-02,2025-07-22 18:12
Dengue fever,/m/09wsg,15,BR-ES,Influenza/gripe,2020-02,2025-07-22 18:12
Home remedy,/m/044zht,14,BR-ES,Influenza/gripe,2020-02,2025-07-22 18:12
Headache,/m/0j5fv,13,BR-ES,Influenza/gripe,2020-02,2025-07-22 18:12
China,/m/0d05w3,12,BR-ES,Influenza/gripe,2020-02,2025-07-22 18:12
Syrup,/g/1222216d,12,BR-ES,Influenza/gripe,2020-02,2025-07-22 18:12
Fee,/m/03fk6m,11,BR-ES,Influenza/gripe,2020-02,2025-07-22 18:12
Tea,/m/07clx,64,BR-GO,Influenza/gripe,2020-02,2025-07-22 18:12
Symptom,/m/01b_06,49,BR-GO,Influenza/gripe,2020-02,2025-07-22 18:12
Vaccine,/m/07__7,45,BR-GO,Influenza/gripe,2020-02,2025-07-22 18:12
Virus,/m/0g9pc,32,BR-GO,Influenza/gripe,2020-02,2025-07-22 18:12
Home remedy,/m/044zht,24,BR-GO,Influenza/gripe,2020-02,2025-07-22 18:12
Spanish flu,/m/01c751,24,BR-GO,Influenza/gripe,2020-02,2025-07-22 18:12
Common cold,/m/0n073,22,BR-GO,Influenza/gripe,2020-02,2025-07-22 18:12
Influenza vaccine,/m/0416v7,21,BR-GO,Influenza/gripe,2020-02,2025-07-22 18:12
Lemon,/g/1yxkhgd6l,21,BR-GO,Influenza/gripe,2020-02,2025-07-22 18:12
Swine influenza,/m/057c6k,19,BR-GO,Influenza/gripe,2020-02,2025-07-22 18:12
Fever,/m/0cjf0,19,BR-GO,Influenza/gripe,2020-02,2025-07-22 18:12
Throat,/m/0mhy4,19,BR-GO,Influenza/gripe,2020-02,2025-07-22 18:12
Allergy,/m/0fd23,18,BR-GO,Influenza/gripe,2020-02,2025-07-22 18:12
Nose,/m/0k0pj,17,BR-GO,Influenza/gripe,2020-02,2025-07-22 18:12
Cough,/m/01b_21,14,BR-GO,Influenza/gripe,2020-02,2025-07-22 18:12
Dengue fever,/m/09wsg,13,BR-GO,Influenza/gripe,2020-02,2025-07-22 18:12
Honey,/m/03qmh,10,BR-GO,Influenza/gripe,2020-02,2025-07-22 18:12
Sore throat,/m/0b76bty,10,BR-GO,Influenza/gripe,2020-02,2025-07-22 18:12
Inflammation,/m/0j7_w,9,BR-GO,Influenza/gripe,2020-02,2025-07-22 18:12
Ginger,/m/0f9n3,9,BR-GO,Influenza/gripe,2020-02,2025-07-22 18:12
Turmeric,/m/07cnc,9,BR-GO,Influenza/gripe,2020-02,2025-07-22 18:12
Catarrh,/m/0403w_,8,BR-GO,Influenza/gripe,2020-02,2025-07-22 18:12
Breathing,/m/0lyf6,8,BR-GO,Influenza/gripe,2020-02,2025-07-22 18:12
HIV/AIDS,/m/0d19y2,7,BR-GO,Influenza/gripe,2020-02,2025-07-22 18:12
Symptom,/m/01b_06,56,BR-MA,Influenza/gripe,2020-02,2025-07-22 18:12
Tea,/m/07clx,49,BR-MA,Influenza/gripe,2020-02,2025-07-22 18:12
Fever,/m/0cjf0,46,BR-MA,Influenza/gripe,2020-02,2025-07-22 18:12
Pain,/m/062t2,37,BR-MA,Influenza/gripe,2020-02,2025-07-22 18:12
Virus,/m/0g9pc,31,BR-MA,Influenza/gripe,2020-02,2025-07-22 18:12
Cough,/m/01b_21,31,BR-MA,Influenza/gripe,2020-02,2025-07-22 18:12
Home remedy,/m/044zht,29,BR-MA,Influenza/gripe,2020-02,2025-07-22 18:12
Vaccine,/m/07__7,24,BR-MA,Influenza/gripe,2020-02,2025-07-22 18:12
Throat,/m/0mhy4,23,BR-MA,Influenza/gripe,2020-02,2025-07-22 18:12
Swine influenza,/m/057c6k,23,BR-MA,Influenza/gripe,2020-02,2025-07-22 18:12
Common cold,/m/0n073,23,BR-MA,Influenza/gripe,2020-02,2025-07-22 18:12
Nose,/m/0k0pj,18,BR-MA,Influenza/gripe,2020-02,2025-07-22 18:12
Inflammation,/m/0j7_w,17,BR-MA,Influenza/gripe,2020-02,2025-07-22 18:12
Sore throat,/m/0b76bty,17,BR-MA,Influenza/gripe,2020-02,2025-07-22 18:12
Head,/m/04hgtk,16,BR-MA,Influenza/gripe,2020-02,2025-07-22 18:12
Ascorbic acid,/m/0y44,16,BR-MA,Influenza/gripe,2020-02,2025-07-22 18:12
Dengue fever,/m/09wsg,14,BR-MA,Influenza/gripe,2020-02,2025-07-22 18:12
Body,/m/0180q,14,BR-MA,Influenza/gripe,2020-02,2025-07-22 18:12
Juice,/m/01z1kdw,13,BR-MA,Influenza/gripe,2020-02,2025-07-22 18:12
Lemon,/g/1yxkhgd6l,12,BR-MA,Influenza/gripe,2020-02,2025-07-22 18:12
Antibiotics,/m/0tbr,12,BR-MA,Influenza/gripe,2020-02,2025-07-22 18:12
Pharmaceutical drug,/m/018l35,11,BR-MA,Influenza/gripe,2020-02,2025-07-22 18:12
Breathing,/m/0lyf6,10,BR-MA,Influenza/gripe,2020-02,2025-07-22 18:12
Tea,/m/07clx,79,BR-MG,Influenza/gripe,2020-02,2025-07-22 18:12
Vaccine,/m/07__7,64,BR-MG,Influenza/gripe,2020-02,2025-07-22 18:12
Symptom,/m/01b_06,62,BR-MG,Influenza/gripe,2020-02,2025-07-22 18:12
Common cold,/m/0n073,40,BR-MG,Influenza/gripe,2020-02,2025-07-22 18:12
Virus,/m/0g9pc,35,BR-MG,Influenza/gripe,2020-02,2025-07-22 18:12
Spanish flu,/m/01c751,33,BR-MG,Influenza/gripe,2020-02,2025-07-22 18:12
Cough,/m/01b_21,24,BR-MG,Influenza/gripe,2020-02,2025-07-22 18:12
Influenza vaccine,/m/0416v7,24,BR-MG,Influenza/gripe,2020-02,2025-07-22 18:12
Swine influenza,/m/057c6k,21,BR-MG,Influenza/gripe,2020-02,2025-07-22 18:12
Throat,/m/0mhy4,21,BR-MG,Influenza/gripe,2020-02,2025-07-22 18:12
Allergy,/m/0fd23,20,BR-MG,Influenza/gripe,2020-02,2025-07-22 18:12
Lemon,/g/1yxkhgd6l,20,BR-MG,Influenza/gripe,2020-02,2025-07-22 18:12
Fever,/m/0cjf0,18,BR-MG,Influenza/gripe,2020-02,2025-07-22 18:12
Nose,/m/0k0pj,16,BR-MG,Influenza/gripe,2020-02,2025-07-22 18:12
Dengue fever,/m/09wsg,15,BR-MG,Influenza/gripe,2020-02,2025-07-22 18:12
Home remedy,/m/044zht,14,BR-MG,Influenza/gripe,2020-02,2025-07-22 18:12
Inflammation,/m/0j7_w,12,BR-MG,Influenza/gripe,2020-02,2025-07-22 18:12
Sore throat,/m/0b76bty,12,BR-MG,Influenza/gripe,2020-02,2025-07-22 18:12
Honey,/m/03qmh,10,BR-MG,Influenza/gripe,2020-02,2025-07-22 18:12
Catarrh,/m/0403w_,10,BR-MG,Influenza/gripe,2020-02,2025-07-22 18:12
Sinusitis,/m/072hv,8,BR-MG,Influenza/gripe,2020-02,2025-07-22 18:12
Ginger,/m/0f9n3,8,BR-MG,Influenza/gripe,2020-02,2025-07-22 18:12
HIV/AIDS,/m/0d19y2,8,BR-MG,Influenza/gripe,2020-02,2025-07-22 18:12
Tea,/m/07clx,100,BR-MS,Influenza/gripe,2020-02,2025-07-22 18:12
Vaccine,/m/07__7,80,BR-MS,Influenza/gripe,2020-02,2025-07-22 18:12
Symptom,/m/01b_06,72,BR-MS,Influenza/gripe,2020-02,2025-07-22 18:12
Allergy,/m/0fd23,56,BR-MS,Influenza/gripe,2020-02,2025-07-22 18:12
Common cold,/m/0n073,52,BR-MS,Influenza/gripe,2020-02,2025-07-22 18:12
Spanish flu,/m/01c751,52,BR-MS,Influenza/gripe,2020-02,2025-07-22 18:12
Virus,/m/0g9pc,50,BR-MS,Influenza/gripe,2020-02,2025-07-22 18:12
Lemon,/g/1yxkhgd6l,48,BR-MS,Influenza/gripe,2020-02,2025-07-22 18:12
Swine influenza,/m/057c6k,36,BR-MS,Influenza/gripe,2020-02,2025-07-22 18:12
Influenza vaccine,/m/0416v7,35,BR-MS,Influenza/gripe,2020-02,2025-07-22 18:12
Home remedy,/m/044zht,31,BR-MS,Influenza/gripe,2020-02,2025-07-22 18:12
Honey,/m/03qmh,19,BR-MS,Influenza/gripe,2020-02,2025-07-22 18:12
Antibiotics,/m/0tbr,19,BR-MS,Influenza/gripe,2020-02,2025-07-22 18:12
Cough,/m/01b_21,18,BR-MS,Influenza/gripe,2020-02,2025-07-22 18:12
Disease,/m/027x3,18,BR-MS,Influenza/gripe,2020-02,2025-07-22 18:12
Sore throat,/m/0b76bty,18,BR-MS,Influenza/gripe,2020-02,2025-07-22 18:12
Fever,/m/0cjf0,15,BR-MS,Influenza/gripe,2020-02,2025-07-22 18:12
Dengue fever,/m/09wsg,14,BR-MS,Influenza/gripe,2020-02,2025-07-22 18:12
Syndrome,/m/01pgj4,14,BR-MS,Influenza/gripe,2020-02,2025-07-22 18:12
Ginger,/m/0f9n3,12,BR-MS,Influenza/gripe,2020-02,2025-07-22 18:12
Throat,/m/0mhy4,11,BR-MS,Influenza/gripe,2020-02,2025-07-22 18:12
Influenzavirus A,/m/028tns,11,BR-MS,Influenza/gripe,2020-02,2025-07-22 18:12
Syrup,/g/1222216d,8,BR-MS,Influenza/gripe,2020-02,2025-07-22 18:12
Tea,/m/07clx,100,BR-MT,Influenza/gripe,2020-02,2025-07-22 18:12
Symptom,/m/01b_06,42,BR-MT,Influenza/gripe,2020-02,2025-07-22 18:12
Vaccine,/m/07__7,41,BR-MT,Influenza/gripe,2020-02,2025-07-22 18:12
Honey,/m/03qmh,31,BR-MT,Influenza/gripe,2020-02,2025-07-22 18:12
Coronavirus,/m/01cpyy,31,BR-MT,Influenza/gripe,2020-02,2025-07-22 18:12
Home remedy,/m/044zht,29,BR-MT,Influenza/gripe,2020-02,2025-07-22 18:12
Virus,/m/0g9pc,28,BR-MT,Influenza/gripe,2020-02,2025-07-22 18:12
Lemon,/g/1yxkhgd6l,28,BR-MT,Influenza/gripe,2020-02,2025-07-22 18:12
Common cold,/m/0n073,26,BR-MT,Influenza/gripe,2020-02,2025-07-22 18:12
Child,/m/0ytgt,22,BR-MT,Influenza/gripe,2020-02,2025-07-22 18:12
Ginger,/m/0f9n3,21,BR-MT,Influenza/gripe,2020-02,2025-07-22 18:12
Throat,/m/0mhy4,20,BR-MT,Influenza/gripe,2020-02,2025-07-22 18:12
Fever,/m/0cjf0,16,BR-MT,Influenza/gripe,2020-02,2025-07-22 18:12
Cough,/m/01b_21,16,BR-MT,Influenza/gripe,2020-02,2025-07-22 18:12
Dengue fever,/m/09wsg,16,BR-MT,Influenza/gripe,2020-02,2025-07-22 18:12
Garlic,/m/0dbrl,14,BR-MT,Influenza/gripe,2020-02,2025-07-22 18:12
Spanish flu,/m/01c751,13,BR-MT,Influenza/gripe,2020-02,2025-07-22 18:12
Nose,/m/0k0pj,12,BR-MT,Influenza/gripe,2020-02,2025-07-22 18:12
Disease,/m/027x3,12,BR-MT,Influenza/gripe,2020-02,2025-07-22 18:12
Sore throat,/m/0b76bty,12,BR-MT,Influenza/gripe,2020-02,2025-07-22 18:12
Swine influenza,/m/057c6k,9,BR-MT,Influenza/gripe,2020-02,2025-07-22 18:12
Inflammation,/m/0j7_w,8,BR-MT,Influenza/gripe,2020-02,2025-07-22 18:12
Ear,/m/039xj_,7,BR-MT,Influenza/gripe,2020-02,2025-07-22 18:12
Symptom,/m/01b_06,58,BR-PA,Influenza/gripe,2020-02,2025-07-22 18:12
Tea,/m/07clx,43,BR-PA,Influenza/gripe,2020-02,2025-07-22 18:12
Virus,/m/0g9pc,42,BR-PA,Influenza/gripe,2020-02,2025-07-22 18:12
Throat,/m/0mhy4,38,BR-PA,Influenza/gripe,2020-02,2025-07-22 18:12
Home remedy,/m/044zht,37,BR-PA,Influenza/gripe,2020-02,2025-07-22 18:12
Vaccine,/m/07__7,36,BR-PA,Influenza/gripe,2020-02,2025-07-22 18:12
Pain,/m/062t2,33,BR-PA,Influenza/gripe,2020-02,2025-07-22 18:12
Common cold,/m/0n073,32,BR-PA,Influenza/gripe,2020-02,2025-07-22 18:12
Cough,/m/01b_21,31,BR-PA,Influenza/gripe,2020-02,2025-07-22 18:12
Spanish flu,/m/01c751,25,BR-PA,Influenza/gripe,2020-02,2025-07-22 18:12
Swine influenza,/m/057c6k,22,BR-PA,Influenza/gripe,2020-02,2025-07-22 18:12
Fever,/m/0cjf0,22,BR-PA,Influenza/gripe,2020-02,2025-07-22 18:12
HIV/AIDS,/m/0d19y2,20,BR-PA,Influenza/gripe,2020-02,2025-07-22 18:12
Dengue fever,/m/09wsg,19,BR-PA,Influenza/gripe,2020-02,2025-07-22 18:12
Disease,/m/027x3,18,BR-PA,Influenza/gripe,2020-02,2025-07-22 18:12
Nose,/m/0k0pj,17,BR-PA,Influenza/gripe,2020-02,2025-07-22 18:12
Sore throat,/m/0b76bty,15,BR-PA,Influenza/gripe,2020-02,2025-07-22 18:12
Inflammation,/m/0j7_w,15,BR-PA,Influenza/gripe,2020-02,2025-07-22 18:12
Breastfeeding,/m/0hb2r,15,BR-PA,Influenza/gripe,2020-02,2025-07-22 18:12
Lemon,/g/1yxkhgd6l,14,BR-PA,Influenza/gripe,2020-02,2025-07-22 18:12
Influenza vaccine,/m/0416v7,13,BR-PA,Influenza/gripe,2020-02,2025-07-22 18:12
Infection,/m/098s1,13,BR-PA,Influenza/gripe,2020-02,2025-07-22 18:12
Sinusitis,/m/072hv,12,BR-PA,Influenza/gripe,2020-02,2025-07-22 18:12
Virus,/m/0g9pc,61,BR-PB,Influenza/gripe,2020-02,2025-07-22 18:12
Vaccine,/m/07__7,57,BR-PB,Influenza/gripe,2020-02,2025-07-22 18:12
Tea,/m/07clx,55,BR-PB,Influenza/gripe,2020-02,2025-07-22 18:12
Symptom,/m/01b_06,43,BR-PB,Influenza/gripe,2020-02,2025-07-22 18:12
Home remedy,/m/044zht,35,BR-PB,Influenza/gripe,2020-02,2025-07-22 18:12
Spanish flu,/m/01c751,29,BR-PB,Influenza/gripe,2020-02,2025-07-22 18:12
Disease,/m/027x3,25,BR-PB,Influenza/gripe,2020-02,2025-07-22 18:12
Common cold,/m/0n073,23,BR-PB,Influenza/gripe,2020-02,2025-07-22 18:12
Throat,/m/0mhy4,22,BR-PB,Influenza/gripe,2020-02,2025-07-22 18:12
Headache,/m/0j5fv,22,BR-PB,Influenza/gripe,2020-02,2025-07-22 18:12
Juice,/m/01z1kdw,20,BR-PB,Influenza/gripe,2020-02,2025-07-22 18:12
Mortality rate,/m/01b4_q,18,BR-PB,Influenza/gripe,2020-02,2025-07-22 18:12
Cough,/m/01b_21,17,BR-PB,Influenza/gripe,2020-02,2025-07-22 18:12
Viral Infection,/m/02kc20m,17,BR-PB,Influenza/gripe,2020-02,2025-07-22 18:12
Sore throat,/m/0b76bty,15,BR-PB,Influenza/gripe,2020-02,2025-07-22 18:12
Catarrh,/m/0403w_,13,BR-PB,Influenza/gripe,2020-02,2025-07-22 18:12
Eye,/m/014sv8,11,BR-PB,Influenza/gripe,2020-02,2025-07-22 18:12
Influenza vaccine,/m/0416v7,11,BR-PB,Influenza/gripe,2020-02,2025-07-22 18:12
Breastfeeding,/m/0hb2r,9,BR-PB,Influenza/gripe,2020-02,2025-07-22 18:12
Swine influenza,/m/057c6k,9,BR-PB,Influenza/gripe,2020-02,2025-07-22 18:12
Allergy,/m/0fd23,9,BR-PB,Influenza/gripe,2020-02,2025-07-22 18:12
Fever,/m/0cjf0,8,BR-PB,Influenza/gripe,2020-02,2025-07-22 18:12
Coronavirus,/m/01cpyy,65,BR-PE,Influenza/gripe,2020-02,2025-07-22 18:12
Symptom,/m/01b_06,53,BR-PE,Influenza/gripe,2020-02,2025-07-22 18:12
Virus,/m/0g9pc,44,BR-PE,Influenza/gripe,2020-02,2025-07-22 18:12
Tea,/m/07clx,40,BR-PE,Influenza/gripe,2020-02,2025-07-22 18:12
Vaccine,/m/07__7,40,BR-PE,Influenza/gripe,2020-02,2025-07-22 18:12
Common cold,/m/0n073,34,BR-PE,Influenza/gripe,2020-02,2025-07-22 18:12
Cough,/m/01b_21,31,BR-PE,Influenza/gripe,2020-02,2025-07-22 18:12
Spanish flu,/m/01c751,28,BR-PE,Influenza/gripe,2020-02,2025-07-22 18:12
Swine influenza,/m/057c6k,28,BR-PE,Influenza/gripe,2020-02,2025-07-22 18:12
Throat,/m/0mhy4,21,BR-PE,Influenza/gripe,2020-02,2025-07-22 18:12
Vitamin,/m/07zry,16,BR-PE,Influenza/gripe,2020-02,2025-07-22 18:12
Fever,/m/0cjf0,16,BR-PE,Influenza/gripe,2020-02,2025-07-22 18:12
Lemon,/g/1yxkhgd6l,15,BR-PE,Influenza/gripe,2020-02,2025-07-22 18:12
Sore throat,/m/0b76bty,15,BR-PE,Influenza/gripe,2020-02,2025-07-22 18:12
Ascorbic acid,/m/0y44,14,BR-PE,Influenza/gripe,2020-02,2025-07-22 18:12
Influenza vaccine,/m/0416v7,13,BR-PE,Influenza/gripe,2020-02,2025-07-22 18:12
Nose,/m/0k0pj,13,BR-PE,Influenza/gripe,2020-02,2025-07-22 18:12
Ear,/m/039xj_,12,BR-PE,Influenza/gripe,2020-02,2025-07-22 18:12
Home remedy,/m/044zht,12,BR-PE,Influenza/gripe,2020-02,2025-07-22 18:12
Catarrh,/m/0403w_,11,BR-PE,Influenza/gripe,2020-02,2025-07-22 18:12
Inflammation,/m/0j7_w,11,BR-PE,Influenza/gripe,2020-02,2025-07-22 18:12
Mortality rate,/m/01b4_q,10,BR-PE,Influenza/gripe,2020-02,2025-07-22 18:12
Headache,/m/0j5fv,10,BR-PE,Influenza/gripe,2020-02,2025-07-22 18:12
Tea,/m/07clx,56,BR-PI,Influenza/gripe,2020-02,2025-07-22 18:12
Pain,/m/062t2,47,BR-PI,Influenza/gripe,2020-02,2025-07-22 18:12
Symptom,/m/01b_06,45,BR-PI,Influenza/gripe,2020-02,2025-07-22 18:12
Throat,/m/0mhy4,36,BR-PI,Influenza/gripe,2020-02,2025-07-22 18:12
Home remedy,/m/044zht,29,BR-PI,Influenza/gripe,2020-02,2025-07-22 18:12
Fever,/m/0cjf0,29,BR-PI,Influenza/gripe,2020-02,2025-07-22 18:12
Virus,/m/0g9pc,28,BR-PI,Influenza/gripe,2020-02,2025-07-22 18:12
Ear,/m/039xj_,25,BR-PI,Influenza/gripe,2020-02,2025-07-22 18:12
Body,/m/0180q,25,BR-PI,Influenza/gripe,2020-02,2025-07-22 18:12
Cough,/m/01b_21,24,BR-PI,Influenza/gripe,2020-02,2025-07-22 18:12
Nose,/m/0k0pj,23,BR-PI,Influenza/gripe,2020-02,2025-07-22 18:12
Sore throat,/m/0b76bty,22,BR-PI,Influenza/gripe,2020-02,2025-07-22 18:12
Vaccine,/m/07__7,19,BR-PI,Influenza/gripe,2020-02,2025-07-22 18:12
Common cold,/m/0n073,18,BR-PI,Influenza/gripe,2020-02,2025-07-22 18:12
Sneeze,/m/01hsr_,17,BR-PI,Influenza/gripe,2020-02,2025-07-22 18:12
Vitamin,/m/07zry,14,BR-PI,Influenza/gripe,2020-02,2025-07-22 18:12
Ginger,/m/0f9n3,12,BR-PI,Influenza/gripe,2020-02,2025-07-22 18:12
Viral Infection,/m/02kc20m,12,BR-PI,Influenza/gripe,2020-02,2025-07-22 18:12
Honey,/m/03qmh,11,BR-PI,Influenza/gripe,2020-02,2025-07-22 18:12
Spanish flu,/m/01c751,11,BR-PI,Influenza/gripe,2020-02,2025-07-22 18:12
Inflammation,/m/0j7_w,10,BR-PI,Influenza/gripe,2020-02,2025-07-22 18:12
Swine influenza,/m/057c6k,10,BR-PI,Influenza/gripe,2020-02,2025-07-22 18:12
Syrup,/g/1222216d,9,BR-PI,Influenza/gripe,2020-02,2025-07-22 18:12
Pharmaceutical drug,/m/018l35,7,BR-PI,Influenza/gripe,2020-02,2025-07-22 18:12
Symptom,/m/01b_06,100,BR-PR,Influenza/gripe,2020-02,2025-07-22 18:12
Tea,/m/07clx,86,BR-PR,Influenza/gripe,2020-02,2025-07-22 18:12
Vaccine,/m/07__7,83,BR-PR,Influenza/gripe,2020-02,2025-07-22 18:12
Coronavirus,/m/01cpyy,70,BR-PR,Influenza/gripe,2020-02,2025-07-22 18:12
Child,/m/0ytgt,50,BR-PR,Influenza/gripe,2020-02,2025-07-22 18:12
Virus,/m/0g9pc,50,BR-PR,Influenza/gripe,2020-02,2025-07-22 18:12
Swine influenza,/m/057c6k,49,BR-PR,Influenza/gripe,2020-02,2025-07-22 18:12
Spanish flu,/m/01c751,45,BR-PR,Influenza/gripe,2020-02,2025-07-22 18:12
Dengue fever,/m/09wsg,41,BR-PR,Influenza/gripe,2020-02,2025-07-22 18:12
Pain,/m/062t2,37,BR-PR,Influenza/gripe,2020-02,2025-07-22 18:12
Common cold,/m/0n073,34,BR-PR,Influenza/gripe,2020-02,2025-07-22 18:12
Influenza vaccine,/m/0416v7,31,BR-PR,Influenza/gripe,2020-02,2025-07-22 18:12
Fever,/m/0cjf0,23,BR-PR,Influenza/gripe,2020-02,2025-07-22 18:12
Home remedy,/m/044zht,23,BR-PR,Influenza/gripe,2020-02,2025-07-22 18:12
Throat,/m/0mhy4,21,BR-PR,Influenza/gripe,2020-02,2025-07-22 18:12
Cough,/m/01b_21,21,BR-PR,Influenza/gripe,2020-02,2025-07-22 18:12
Nose,/m/0k0pj,20,BR-PR,Influenza/gripe,2020-02,2025-07-22 18:12
Honey,/m/03qmh,16,BR-PR,Influenza/gripe,2020-02,2025-07-22 18:12
Lemon,/g/1yxkhgd6l,16,BR-PR,Influenza/gripe,2020-02,2025-07-22 18:12
Garlic,/m/0dbrl,15,BR-PR,Influenza/gripe,2020-02,2025-07-22 18:12
Mortality rate,/m/01b4_q,13,BR-PR,Influenza/gripe,2020-02,2025-07-22 18:12
1918,/g/11b77b4ndq,13,BR-PR,Influenza/gripe,2020-02,2025-07-22 18:12
Avian influenza,/m/0292d3,12,BR-PR,Influenza/gripe,2020-02,2025-07-22 18:12
Vaccine,/m/07__7,96,BR-RJ,Influenza/gripe,2020-02,2025-07-22 18:12
Coronavirus,/m/01cpyy,77,BR-RJ,Influenza/gripe,2020-02,2025-07-22 18:12
Common cold,/m/0n073,63,BR-RJ,Influenza/gripe,2020-02,2025-07-22 18:12
Spanish flu,/m/01c751,57,BR-RJ,Influenza/gripe,2020-02,2025-07-22 18:12
Symptom,/m/01b_06,56,BR-RJ,Influenza/gripe,2020-02,2025-07-22 18:12
Virus,/m/0g9pc,54,BR-RJ,Influenza/gripe,2020-02,2025-07-22 18:12
Tea,/m/07clx,43,BR-RJ,Influenza/gripe,2020-02,2025-07-22 18:12
Influenza vaccine,/m/0416v7,39,BR-RJ,Influenza/gripe,2020-02,2025-07-22 18:12
Pain,/m/062t2,30,BR-RJ,Influenza/gripe,2020-02,2025-07-22 18:12
Swine influenza,/m/057c6k,30,BR-RJ,Influenza/gripe,2020-02,2025-07-22 18:12
Cough,/m/01b_21,23,BR-RJ,Influenza/gripe,2020-02,2025-07-22 18:12
Fever,/m/0cjf0,22,BR-RJ,Influenza/gripe,2020-02,2025-07-22 18:12
Lemon,/g/1yxkhgd6l,19,BR-RJ,Influenza/gripe,2020-02,2025-07-22 18:12
Throat,/m/0mhy4,16,BR-RJ,Influenza/gripe,2020-02,2025-07-22 18:12
Measles,/m/0g2gb,15,BR-RJ,Influenza/gripe,2020-02,2025-07-22 18:12
Nose,/m/0k0pj,14,BR-RJ,Influenza/gripe,2020-02,2025-07-22 18:12
Home remedy,/m/044zht,13,BR-RJ,Influenza/gripe,2020-02,2025-07-22 18:12
Mortality rate,/m/01b4_q,13,BR-RJ,Influenza/gripe,2020-02,2025-07-22 18:12
Natural person,/m/01_h7_,12,BR-RJ,Influenza/gripe,2020-02,2025-07-22 18:12
Influenzavirus A,/m/028tns,12,BR-RJ,Influenza/gripe,2020-02,2025-07-22 18:12
Allergy,/m/0fd23,11,BR-RJ,Influenza/gripe,2020-02,2025-07-22 18:12
Sore throat,/m/0b76bty,10,BR-RJ,Influenza/gripe,2020-02,2025-07-22 18:12
Pneumonia,/m/0dq9p,9,BR-RJ,Influenza/gripe,2020-02,2025-07-22 18:12
Antibiotics,/m/0tbr,9,BR-RJ,Influenza/gripe,2020-02,2025-07-22 18:12
Symptom,/m/01b_06,81,BR-RN,Influenza/gripe,2020-02,2025-07-22 18:12
Tea,/m/07clx,66,BR-RN,Influenza/gripe,2020-02,2025-07-22 18:12
Coronavirus,/m/01cpyy,53,BR-RN,Influenza/gripe,2020-02,2025-07-22 18:12
Virus,/m/0g9pc,53,BR-RN,Influenza/gripe,2020-02,2025-07-22 18:12
Cough,/m/01b_21,39,BR-RN,Influenza/gripe,2020-02,2025-07-22 18:12
Vaccine,/m/07__7,39,BR-RN,Influenza/gripe,2020-02,2025-07-22 18:12
Common cold,/m/0n073,36,BR-RN,Influenza/gripe,2020-02,2025-07-22 18:12
Spanish flu,/m/01c751,34,BR-RN,Influenza/gripe,2020-02,2025-07-22 18:12
Lemon,/g/1yxkhgd6l,27,BR-RN,Influenza/gripe,2020-02,2025-07-22 18:12
Nose,/m/0k0pj,25,BR-RN,Influenza/gripe,2020-02,2025-07-22 18:12
Head,/m/04hgtk,24,BR-RN,Influenza/gripe,2020-02,2025-07-22 18:12
Coryza,/m/0c532h,22,BR-RN,Influenza/gripe,2020-02,2025-07-22 18:12
Vitamin,/m/07zry,22,BR-RN,Influenza/gripe,2020-02,2025-07-22 18:12
Eye,/m/014sv8,20,BR-RN,Influenza/gripe,2020-02,2025-07-22 18:12
Fever,/m/0cjf0,19,BR-RN,Influenza/gripe,2020-02,2025-07-22 18:12
Garlic,/m/0dbrl,18,BR-RN,Influenza/gripe,2020-02,2025-07-22 18:12
Throat,/m/0mhy4,18,BR-RN,Influenza/gripe,2020-02,2025-07-22 18:12
Swine influenza,/m/057c6k,18,BR-RN,Influenza/gripe,2020-02,2025-07-22 18:12
Sinusitis,/m/072hv,16,BR-RN,Influenza/gripe,2020-02,2025-07-22 18:12
Influenza vaccine,/m/0416v7,13,BR-RN,Influenza/gripe,2020-02,2025-07-22 18:12
Sore throat,/m/0b76bty,13,BR-RN,Influenza/gripe,2020-02,2025-07-22 18:12
Metamizole,/m/08j19g,12,BR-RN,Influenza/gripe,2020-02,2025-07-22 18:12
Ascorbic acid,/m/0y44,11,BR-RN,Influenza/gripe,2020-02,2025-07-22 18:12
Catarrh,/m/0403w_,10,BR-RN,Influenza/gripe,2020-02,2025-07-22 18:12
Tea,/m/07clx,93,BR-RO,Influenza/gripe,2020-02,2025-07-22 18:13
Child,/m/0ytgt,84,BR-RO,Influenza/gripe,2020-02,2025-07-22 18:13
Sore throat,/m/0b76bty,69,BR-RO,Influenza/gripe,2020-02,2025-07-22 18:13
Infant,/m/0jnvp,51,BR-RO,Influenza/gripe,2020-02,2025-07-22 18:13
Pain,/m/062t2,47,BR-RO,Influenza/gripe,2020-02,2025-07-22 18:13
Symptom,/m/01b_06,47,BR-RO,Influenza/gripe,2020-02,2025-07-22 18:13
Pregnancy,/m/05vqh7,44,BR-RO,Influenza/gripe,2020-02,2025-07-22 18:13
Cough,/m/01b_21,42,BR-RO,Influenza/gripe,2020-02,2025-07-22 18:13
Home remedy,/m/044zht,40,BR-RO,Influenza/gripe,2020-02,2025-07-22 18:13
Medication package insert,/m/0fnyyf,40,BR-RO,Influenza/gripe,2020-02,2025-07-22 18:13
Common cold,/m/0n073,38,BR-RO,Influenza/gripe,2020-02,2025-07-22 18:13
Swine influenza,/m/057c6k,34,BR-RO,Influenza/gripe,2020-02,2025-07-22 18:13
Lemon,/g/1yxkhgd6l,32,BR-RO,Influenza/gripe,2020-02,2025-07-22 18:13
Breastfeeding,/m/0hb2r,31,BR-RO,Influenza/gripe,2020-02,2025-07-22 18:13
Virus,/m/0g9pc,29,BR-RO,Influenza/gripe,2020-02,2025-07-22 18:13
Spanish flu,/m/01c751,23,BR-RO,Influenza/gripe,2020-02,2025-07-22 18:13
Throat,/m/0mhy4,22,BR-RO,Influenza/gripe,2020-02,2025-07-22 18:13
Vaccine,/m/07__7,18,BR-RO,Influenza/gripe,2020-02,2025-07-22 18:13
Virus,/m/0g9pc,96,BR-RR,Influenza/gripe,2020-02,2025-07-22 18:13
Child,/m/0ytgt,66,BR-RR,Influenza/gripe,2020-02,2025-07-22 18:13
Pregnancy,/m/05vqh7,39,BR-RR,Influenza/gripe,2020-02,2025-07-22 18:13
Vaccine,/m/07__7,100,BR-RS,Influenza/gripe,2020-02,2025-07-22 18:13
Coronavirus,/m/01cpyy,77,BR-RS,Influenza/gripe,2020-02,2025-07-22 18:13
Tea,/m/07clx,72,BR-RS,Influenza/gripe,2020-02,2025-07-22 18:13
Symptom,/m/01b_06,53,BR-RS,Influenza/gripe,2020-02,2025-07-22 18:13
Spanish flu,/m/01c751,46,BR-RS,Influenza/gripe,2020-02,2025-07-22 18:13
Virus,/m/0g9pc,45,BR-RS,Influenza/gripe,2020-02,2025-07-22 18:13
Swine influenza,/m/057c6k,38,BR-RS,Influenza/gripe,2020-02,2025-07-22 18:13
Influenza vaccine,/m/0416v7,32,BR-RS,Influenza/gripe,2020-02,2025-07-22 18:13
Common cold,/m/0n073,31,BR-RS,Influenza/gripe,2020-02,2025-07-22 18:13
Natural person,/m/01_h7_,19,BR-RS,Influenza/gripe,2020-02,2025-07-22 18:13
Body,/m/0180q,18,BR-RS,Influenza/gripe,2020-02,2025-07-22 18:13
Canine influenza,/m/08pr_0,15,BR-RS,Influenza/gripe,2020-02,2025-07-22 18:13
Epidemic,/m/0hn9s,15,BR-RS,Influenza/gripe,2020-02,2025-07-22 18:13
Mortality rate,/m/01b4_q,14,BR-RS,Influenza/gripe,2020-02,2025-07-22 18:13
Vitamin,/m/07zry,14,BR-RS,Influenza/gripe,2020-02,2025-07-22 18:13
Nose,/m/0k0pj,13,BR-RS,Influenza/gripe,2020-02,2025-07-22 18:13
Fever,/m/0cjf0,13,BR-RS,Influenza/gripe,2020-02,2025-07-22 18:13
Throat,/m/0mhy4,13,BR-RS,Influenza/gripe,2020-02,2025-07-22 18:13
China,/m/0d05w3,12,BR-RS,Influenza/gripe,2020-02,2025-07-22 18:13
Lemon,/g/1yxkhgd6l,12,BR-RS,Influenza/gripe,2020-02,2025-07-22 18:13
Cough,/m/01b_21,11,BR-RS,Influenza/gripe,2020-02,2025-07-22 18:13
Honey,/m/03qmh,11,BR-RS,Influenza/gripe,2020-02,2025-07-22 18:13
Dengue fever,/m/09wsg,8,BR-RS,Influenza/gripe,2020-02,2025-07-22 18:13
Tea,/m/07clx,100,BR-SC,Influenza/gripe,2020-02,2025-07-22 18:13
Vaccine,/m/07__7,87,BR-SC,Influenza/gripe,2020-02,2025-07-22 18:13
Symptom,/m/01b_06,79,BR-SC,Influenza/gripe,2020-02,2025-07-22 18:13
Coronavirus,/m/01cpyy,71,BR-SC,Influenza/gripe,2020-02,2025-07-22 18:13
Child,/m/0ytgt,66,BR-SC,Influenza/gripe,2020-02,2025-07-22 18:13
Spanish flu,/m/01c751,54,BR-SC,Influenza/gripe,2020-02,2025-07-22 18:13
Virus,/m/0g9pc,51,BR-SC,Influenza/gripe,2020-02,2025-07-22 18:13
Swine influenza,/m/057c6k,43,BR-SC,Influenza/gripe,2020-02,2025-07-22 18:13
Common cold,/m/0n073,39,BR-SC,Influenza/gripe,2020-02,2025-07-22 18:13
Throat,/m/0mhy4,30,BR-SC,Influenza/gripe,2020-02,2025-07-22 18:13
Fever,/m/0cjf0,27,BR-SC,Influenza/gripe,2020-02,2025-07-22 18:13
Influenza vaccine,/m/0416v7,27,BR-SC,Influenza/gripe,2020-02,2025-07-22 18:13
Home remedy,/m/044zht,26,BR-SC,Influenza/gripe,2020-02,2025-07-22 18:13
Cough,/m/01b_21,23,BR-SC,Influenza/gripe,2020-02,2025-07-22 18:13
Nose,/m/0k0pj,18,BR-SC,Influenza/gripe,2020-02,2025-07-22 18:13
Lemon,/g/1yxkhgd6l,18,BR-SC,Influenza/gripe,2020-02,2025-07-22 18:13
Natural person,/m/01_h7_,17,BR-SC,Influenza/gripe,2020-02,2025-07-22 18:13
Sore throat,/m/0b76bty,16,BR-SC,Influenza/gripe,2020-02,2025-07-22 18:13
Catarrh,/m/0403w_,14,BR-SC,Influenza/gripe,2020-02,2025-07-22 18:13
Mortality rate,/m/01b4_q,12,BR-SC,Influenza/gripe,2020-02,2025-07-22 18:13
Oseltamivir,/m/03t8j0,11,BR-SC,Influenza/gripe,2020-02,2025-07-22 18:13
Vitamin,/m/07zry,11,BR-SC,Influenza/gripe,2020-02,2025-07-22 18:13
Yellow fever,/m/087z2,11,BR-SC,Influenza/gripe,2020-02,2025-07-22 18:13
Tea,/m/07clx,47,BR-SE,Influenza/gripe,2020-02,2025-07-22 18:13
Cough,/m/01b_21,44,BR-SE,Influenza/gripe,2020-02,2025-07-22 18:13
Child,/m/0ytgt,36,BR-SE,Influenza/gripe,2020-02,2025-07-22 18:13
Coronavirus,/m/01cpyy,33,BR-SE,Influenza/gripe,2020-02,2025-07-22 18:13
Symptom,/m/01b_06,30,BR-SE,Influenza/gripe,2020-02,2025-07-22 18:13
Virus,/m/0g9pc,30,BR-SE,Influenza/gripe,2020-02,2025-07-22 18:13
Spanish flu,/m/01c751,22,BR-SE,Influenza/gripe,2020-02,2025-07-22 18:13
Vaccine,/m/07__7,21,BR-SE,Influenza/gripe,2020-02,2025-07-22 18:13
Common cold,/m/0n073,20,BR-SE,Influenza/gripe,2020-02,2025-07-22 18:13
Sore throat,/m/0b76bty,20,BR-SE,Influenza/gripe,2020-02,2025-07-22 18:13
Home remedy,/m/044zht,18,BR-SE,Influenza/gripe,2020-02,2025-07-22 18:13
Fever,/m/0cjf0,18,BR-SE,Influenza/gripe,2020-02,2025-07-22 18:13
Dengue fever,/m/09wsg,16,BR-SE,Influenza/gripe,2020-02,2025-07-22 18:13
Nose,/m/0k0pj,13,BR-SE,Influenza/gripe,2020-02,2025-07-22 18:13
Allergy,/m/0fd23,13,BR-SE,Influenza/gripe,2020-02,2025-07-22 18:13
Lemon,/g/1yxkhgd6l,13,BR-SE,Influenza/gripe,2020-02,2025-07-22 18:13
Body,/m/0180q,12,BR-SE,Influenza/gripe,2020-02,2025-07-22 18:13
Catarrh,/m/0403w_,10,BR-SE,Influenza/gripe,2020-02,2025-07-22 18:13
Disease,/m/027x3,8,BR-SE,Influenza/gripe,2020-02,2025-07-22 18:13
Symptom,/m/01b_06,78,BR-SP,Influenza/gripe,2020-02,2025-07-22 18:13
Tea,/m/07clx,74,BR-SP,Influenza/gripe,2020-02,2025-07-22 18:13
Vaccine,/m/07__7,72,BR-SP,Influenza/gripe,2020-02,2025-07-22 18:13
Coronavirus,/m/01cpyy,70,BR-SP,Influenza/gripe,2020-02,2025-07-22 18:13
Virus,/m/0g9pc,46,BR-SP,Influenza/gripe,2020-02,2025-07-22 18:13
Common cold,/m/0n073,45,BR-SP,Influenza/gripe,2020-02,2025-07-22 18:13
Spanish flu,/m/01c751,43,BR-SP,Influenza/gripe,2020-02,2025-07-22 18:13
Swine influenza,/m/057c6k,36,BR-SP,Influenza/gripe,2020-02,2025-07-22 18:13
Cough,/m/01b_21,28,BR-SP,Influenza/gripe,2020-02,2025-07-22 18:13
Influenza vaccine,/m/0416v7,28,BR-SP,Influenza/gripe,2020-02,2025-07-22 18:13
Influenza B virus,/m/0b2cnj,24,BR-SP,Influenza/gripe,2020-02,2025-07-22 18:13
Fever,/m/0cjf0,22,BR-SP,Influenza/gripe,2020-02,2025-07-22 18:13
Lemon,/g/1yxkhgd6l,21,BR-SP,Influenza/gripe,2020-02,2025-07-22 18:13
Throat,/m/0mhy4,20,BR-SP,Influenza/gripe,2020-02,2025-07-22 18:13
Home remedy,/m/044zht,17,BR-SP,Influenza/gripe,2020-02,2025-07-22 18:13
Nose,/m/0k0pj,17,BR-SP,Influenza/gripe,2020-02,2025-07-22 18:13
Mortality rate,/m/01b4_q,15,BR-SP,Influenza/gripe,2020-02,2025-07-22 18:13
Dengue fever,/m/09wsg,15,BR-SP,Influenza/gripe,2020-02,2025-07-22 18:13
Influenzavirus A,/m/028tns,14,BR-SP,Influenza/gripe,2020-02,2025-07-22 18:13
Sore throat,/m/0b76bty,12,BR-SP,Influenza/gripe,2020-02,2025-07-22 18:13
Ginger,/m/0f9n3,11,BR-SP,Influenza/gripe,2020-02,2025-07-22 18:13
Honey,/m/03qmh,11,BR-SP,Influenza/gripe,2020-02,2025-07-22 18:13
Garlic,/m/0dbrl,10,BR-SP,Influenza/gripe,2020-02,2025-07-22 18:13
Child,/m/0ytgt,56,BR-TO,Influenza/gripe,2020-02,2025-07-22 18:13
Tea,/m/07clx,54,BR-TO,Influenza/gripe,2020-02,2025-07-22 18:13
Honey,/m/03qmh,52,BR-TO,Influenza/gripe,2020-02,2025-07-22 18:13
Symptom,/m/01b_06,49,BR-TO,Influenza/gripe,2020-02,2025-07-22 18:13
Home remedy,/m/044zht,45,BR-TO,Influenza/gripe,2020-02,2025-07-22 18:13
Virus,/m/0g9pc,40,BR-TO,Influenza/gripe,2020-02,2025-07-22 18:13
Preventive healthcare,/m/0400g4,34,BR-TO,Influenza/gripe,2020-02,2025-07-22 18:13
Eye,/m/014sv8,31,BR-TO,Influenza/gripe,2020-02,2025-07-22 18:13
Spanish flu,/m/01c751,30,BR-TO,Influenza/gripe,2020-02,2025-07-22 18:13
Common cold,/m/0n073,22,BR-TO,Influenza/gripe,2020-02,2025-07-22 18:13
Fever,/m/0cjf0,18,BR-TO,Influenza/gripe,2020-02,2025-07-22 18:13
Vaccine,/m/07__7,17,BR-TO,Influenza/gripe,2020-02,2025-07-22 18:13
Disease,/m/027x3,15,BR-TO,Influenza/gripe,2020-02,2025-07-22 18:13
Cough,/m/01b_21,13,BR-TO,Influenza/gripe,2020-02,2025-07-22 18:13
Lemon,/g/1yxkhgd6l,9,BR-TO,Influenza/gripe,2020-02,2025-07-22 18:13
Symptom,/m/01b_06,75,BR,Influenza/gripe,2020-02,2025-07-22 18:13
Tea,/m/07clx,62,BR,Influenza/gripe,2020-02,2025-07-22 18:13
Vaccine,/m/07__7,56,BR,Influenza/gripe,2020-02,2025-07-22 18:13
Coronavirus,/m/01cpyy,51,BR,Influenza/gripe,2020-02,2025-07-22 18:13
Virus,/m/0g9pc,38,BR,Influenza/gripe,2020-02,2025-07-22 18:13
Common cold,/m/0n073,35,BR,Influenza/gripe,2020-02,2025-07-22 18:13
Spanish flu,/m/01c751,34,BR,Influenza/gripe,2020-02,2025-07-22 18:13
Swine influenza,/m/057c6k,28,BR,Influenza/gripe,2020-02,2025-07-22 18:13
Cough,/m/01b_21,26,BR,Influenza/gripe,2020-02,2025-07-22 18:13
Influenza vaccine,/m/0416v7,23,BR,Influenza/gripe,2020-02,2025-07-22 18:13
Fever,/m/0cjf0,22,BR,Influenza/gripe,2020-02,2025-07-22 18:13
Throat,/m/0mhy4,21,BR,Influenza/gripe,2020-02,2025-07-22 18:13
Lemon,/g/1yxkhgd6l,20,BR,Influenza/gripe,2020-02,2025-07-22 18:13
Home remedy,/m/044zht,18,BR,Influenza/gripe,2020-02,2025-07-22 18:13
Nose,/m/0k0pj,15,BR,Influenza/gripe,2020-02,2025-07-22 18:13
Dengue fever,/m/09wsg,14,BR,Influenza/gripe,2020-02,2025-07-22 18:13
Sore throat,/m/0b76bty,12,BR,Influenza/gripe,2020-02,2025-07-22 18:13
Mortality rate,/m/01b4_q,11,BR,Influenza/gripe,2020-02,2025-07-22 18:13
Honey,/m/03qmh,11,BR,Influenza/gripe,2020-02,2025-07-22 18:13
Allergy,/m/0fd23,10,BR,Influenza/gripe,2020-02,2025-07-22 18:13
Garlic,/m/0dbrl,10,BR,Influenza/gripe,2020-02,2025-07-22 18:13
Catarrh,/m/0403w_,9,BR,Influenza/gripe,2020-02,2025-07-22 18:13
Influenza B virus,/m/0b2cnj,9,BR,Influenza/gripe,2020-02,2025-07-22 18:13
COVID-19,/g/11j2cc_qll,100,BR-AC,COVID-19,2020-02,2025-07-22 18:13
Coronavirus,/m/01cpyy,66,BR-AC,COVID-19,2020-02,2025-07-22 18:13
COVID-19,/g/11j2cc_qll,100,BR-AL,COVID-19,2020-02,2025-07-22 18:13
Coronavirus,/m/01cpyy,28,BR-AL,COVID-19,2020-02,2025-07-22 18:13
COVID-19,/g/11j2cc_qll,100,BR-AM,COVID-19,2020-02,2025-07-22 18:13
Coronavirus,/m/01cpyy,40,BR-AM,COVID-19,2020-02,2025-07-22 18:13
COVID-19,/g/11j2cc_qll,100,BR-AP,COVID-19,2020-02,2025-07-22 18:13
COVID-19,/g/11j2cc_qll,100,BR-BA,COVID-19,2020-02,2025-07-22 18:13
Coronavirus,/m/01cpyy,39,BR-BA,COVID-19,2020-02,2025-07-22 18:13
Symptom,/m/01b_06,10,BR-BA,COVID-19,2020-02,2025-07-22 18:13
Virus,/m/0g9pc,8,BR-BA,COVID-19,2020-02,2025-07-22 18:13
China,/m/0d05w3,5,BR-BA,COVID-19,2020-02,2025-07-22 18:13
Italy,/m/03rjj,3,BR-BA,COVID-19,2020-02,2025-07-22 18:13
COVID-19,/g/11j2cc_qll,100,BR-CE,COVID-19,2020-02,2025-07-22 18:13
Coronavirus,/m/01cpyy,38,BR-CE,COVID-19,2020-02,2025-07-22 18:13
Virus,/m/0g9pc,13,BR-CE,COVID-19,2020-02,2025-07-22 18:13
Infection,/m/098s1,7,BR-CE,COVID-19,2020-02,2025-07-22 18:13
Earth,/m/02j71,5,BR-CE,COVID-19,2020-02,2025-07-22 18:13
COVID-19,/g/11j2cc_qll,100,BR-DF,COVID-19,2020-02,2025-07-22 18:13
Coronavirus,/m/01cpyy,26,BR-DF,COVID-19,2020-02,2025-07-22 18:13
Virus,/m/0g9pc,9,BR-DF,COVID-19,2020-02,2025-07-22 18:13
Symptom,/m/01b_06,8,BR-DF,COVID-19,2020-02,2025-07-22 18:13
Italy,/m/03rjj,2,BR-DF,COVID-19,2020-02,2025-07-22 18:13
COVID-19,/g/11j2cc_qll,100,BR-ES,COVID-19,2020-02,2025-07-22 18:13
Coronavirus,/m/01cpyy,43,BR-ES,COVID-19,2020-02,2025-07-22 18:13
Virus,/m/0g9pc,11,BR-ES,COVID-19,2020-02,2025-07-22 18:13
Symptom,/m/01b_06,6,BR-ES,COVID-19,2020-02,2025-07-22 18:13
Country,/m/01lff,6,BR-ES,COVID-19,2020-02,2025-07-22 18:13
COVID-19,/g/11j2cc_qll,100,BR-GO,COVID-19,2020-02,2025-07-22 18:13
Coronavirus,/m/01cpyy,37,BR-GO,COVID-19,2020-02,2025-07-22 18:13
Virus,/m/0g9pc,17,BR-GO,COVID-19,2020-02,2025-07-22 18:13
Symptom,/m/01b_06,11,BR-GO,COVID-19,2020-02,2025-07-22 18:13
Epidemic,/m/0hn9s,3,BR-GO,COVID-19,2020-02,2025-07-22 18:13
COVID-19,/g/11j2cc_qll,100,BR-MA,COVID-19,2020-02,2025-07-22 18:13
Coronavirus,/m/01cpyy,35,BR-MA,COVID-19,2020-02,2025-07-22 18:13
Symptom,/m/01b_06,12,BR-MA,COVID-19,2020-02,2025-07-22 18:13
COVID-19,/g/11j2cc_qll,100,BR-MG,COVID-19,2020-02,2025-07-22 18:13
Coronavirus,/m/01cpyy,37,BR-MG,COVID-19,2020-02,2025-07-22 18:13
Virus,/m/0g9pc,10,BR-MG,COVID-19,2020-02,2025-07-22 18:13
Symptom,/m/01b_06,8,BR-MG,COVID-19,2020-02,2025-07-22 18:13
Severe acute respiratory syndrome coronavirus 2,/g/11j4xt9hdf,5,BR-MG,COVID-19,2020-02,2025-07-22 18:13
China,/m/0d05w3,4,BR-MG,COVID-19,2020-02,2025-07-22 18:13
Pandemic,/m/061s4,4,BR-MG,COVID-19,2020-02,2025-07-22 18:13
Lol,/g/12338jjh,4,BR-MG,COVID-19,2020-02,2025-07-22 18:13
Italy,/m/03rjj,3,BR-MG,COVID-19,2020-02,2025-07-22 18:13
World Health Organization,/m/0840w,3,BR-MG,COVID-19,2020-02,2025-07-22 18:13
Influenza,/m/0cycc,2,BR-MG,COVID-19,2020-02,2025-07-22 18:13
Mortality rate,/m/01b4_q,2,BR-MG,COVID-19,2020-02,2025-07-22 18:13
Infection,/m/098s1,2,BR-MG,COVID-19,2020-02,2025-07-22 18:13
SARS,/m/01byzl,1,BR-MG,COVID-19,2020-02,2025-07-22 18:13
Rate,/m/01x1q9,1,BR-MG,COVID-19,2020-02,2025-07-22 18:13
COVID-19,/g/11j2cc_qll,100,BR-MS,COVID-19,2020-02,2025-07-22 18:13
Coronavirus,/m/01cpyy,45,BR-MS,COVID-19,2020-02,2025-07-22 18:13
Virus,/m/0g9pc,15,BR-MS,COVID-19,2020-02,2025-07-22 18:13
COVID-19,/g/11j2cc_qll,100,BR-MT,COVID-19,2020-02,2025-07-22 18:13
Coronavirus,/m/01cpyy,41,BR-MT,COVID-19,2020-02,2025-07-22 18:13
COVID-19,/g/11j2cc_qll,100,BR-PA,COVID-19,2020-02,2025-07-22 18:13
Coronavirus,/m/01cpyy,45,BR-PA,COVID-19,2020-02,2025-07-22 18:13
Symptom,/m/01b_06,16,BR-PA,COVID-19,2020-02,2025-07-22 18:13
Virus,/m/0g9pc,14,BR-PA,COVID-19,2020-02,2025-07-22 18:13
COVID-19,/g/11j2cc_qll,100,BR-PB,COVID-19,2020-02,2025-07-22 18:13
Coronavirus,/m/01cpyy,36,BR-PB,COVID-19,2020-02,2025-07-22 18:13
COVID-19,/g/11j2cc_qll,100,BR-PE,COVID-19,2020-02,2025-07-22 18:13
Coronavirus,/m/01cpyy,41,BR-PE,COVID-19,2020-02,2025-07-22 18:13
Virus,/m/0g9pc,13,BR-PE,COVID-19,2020-02,2025-07-22 18:13
Symptom,/m/01b_06,12,BR-PE,COVID-19,2020-02,2025-07-22 18:13
Lol,/g/12338jjh,6,BR-PE,COVID-19,2020-02,2025-07-22 18:13
World Health Organization,/m/0840w,3,BR-PE,COVID-19,2020-02,2025-07-22 18:13
Vaccine,/m/07__7,3,BR-PE,COVID-19,2020-02,2025-07-22 18:13
COVID-19,/g/11j2cc_qll,100,BR-PI,COVID-19,2020-02,2025-07-22 18:13
Coronavirus,/m/01cpyy,34,BR-PI,COVID-19,2020-02,2025-07-22 18:13
Virus,/m/0g9pc,15,BR-PI,COVID-19,2020-02,2025-07-22 18:13
COVID-19,/g/11j2cc_qll,100,BR-PR,COVID-19,2020-02,2025-07-22 18:13
Coronavirus,/m/01cpyy,37,BR-PR,COVID-19,2020-02,2025-07-22 18:13
Virus,/m/0g9pc,17,BR-PR,COVID-19,2020-02,2025-07-22 18:13
Symptom,/m/01b_06,8,BR-PR,COVID-19,2020-02,2025-07-22 18:13
G1,/m/03cb_tt,5,BR-PR,COVID-19,2020-02,2025-07-22 18:13
Italy,/m/03rjj,3,BR-PR,COVID-19,2020-02,2025-07-22 18:13
Name,/m/015vq3,3,BR-PR,COVID-19,2020-02,2025-07-22 18:13
Severe acute respiratory syndrome coronavirus 2,/g/11j4xt9hdf,2,BR-PR,COVID-19,2020-02,2025-07-22 18:13
Newspaper,/m/05jnl,2,BR-PR,COVID-19,2020-02,2025-07-22 18:13
China,/m/0d05w3,2,BR-PR,COVID-19,2020-02,2025-07-22 18:13
COVID-19,/g/11j2cc_qll,100,BR-RJ,COVID-19,2020-02,2025-07-22 18:13
Coronavirus,/m/01cpyy,35,BR-RJ,COVID-19,2020-02,2025-07-22 18:13
Virus,/m/0g9pc,11,BR-RJ,COVID-19,2020-02,2025-07-22 18:13
Symptom,/m/01b_06,7,BR-RJ,COVID-19,2020-02,2025-07-22 18:13
China,/m/0d05w3,4,BR-RJ,COVID-19,2020-02,2025-07-22 18:13
Mortality rate,/m/01b4_q,4,BR-RJ,COVID-19,2020-02,2025-07-22 18:13
Italy,/m/03rjj,3,BR-RJ,COVID-19,2020-02,2025-07-22 18:13
Influenza,/m/0cycc,3,BR-RJ,COVID-19,2020-02,2025-07-22 18:13
SARS,/m/01byzl,3,BR-RJ,COVID-19,2020-02,2025-07-22 18:13
Severe acute respiratory syndrome coronavirus 2,/g/11j4xt9hdf,2,BR-RJ,COVID-19,2020-02,2025-07-22 18:13
Disease,/m/027x3,2,BR-RJ,COVID-19,2020-02,2025-07-22 18:13
Pandemic,/m/061s4,2,BR-RJ,COVID-19,2020-02,2025-07-22 18:13
Population,/m/05qlp,2,BR-RJ,COVID-19,2020-02,2025-07-22 18:13
World Health Organization,/m/0840w,2,BR-RJ,COVID-19,2020-02,2025-07-22 18:13
International Classification of Diseases,/m/03zlr,2,BR-RJ,COVID-19,2020-02,2025-07-22 18:13
Germany,/m/0345h,2,BR-RJ,COVID-19,2020-02,2025-07-22 18:13
Corona,/m/02y_4q2,1,BR-RJ,COVID-19,2020-02,2025-07-22 18:13
Suspect,/m/01ylrd,1,BR-RJ,COVID-19,2020-02,2025-07-22 18:13
Infection,/m/098s1,1,BR-RJ,COVID-19,2020-02,2025-07-22 18:13
Johns Hopkins University,/m/09kvv,1,BR-RJ,COVID-19,2020-02,2025-07-22 18:13
Case fatality rate,/m/09lm43,1,BR-RJ,COVID-19,2020-02,2025-07-22 18:13
COVID-19,/g/11j2cc_qll,100,BR-RN,COVID-19,2020-02,2025-07-22 18:13
Coronavirus,/m/01cpyy,47,BR-RN,COVID-19,2020-02,2025-07-22 18:13
Symptom,/m/01b_06,11,BR-RN,COVID-19,2020-02,2025-07-22 18:13
COVID-19,/g/11j2cc_qll,100,BR-RO,COVID-19,2020-02,2025-07-22 18:13
COVID-19,/g/11j2cc_qll,100,BR-RR,COVID-19,2020-02,2025-07-22 18:13
COVID-19,/g/11j2cc_qll,100,BR-RS,COVID-19,2020-02,2025-07-22 18:13
Coronavirus,/m/01cpyy,42,BR-RS,COVID-19,2020-02,2025-07-22 18:13
Virus,/m/0g9pc,11,BR-RS,COVID-19,2020-02,2025-07-22 18:13
Symptom,/m/01b_06,9,BR-RS,COVID-19,2020-02,2025-07-22 18:13
International Classification of Diseases,/m/03zlr,6,BR-RS,COVID-19,2020-02,2025-07-22 18:13
Pandemic,/m/061s4,6,BR-RS,COVID-19,2020-02,2025-07-22 18:13
Epidemic,/m/0hn9s,4,BR-RS,COVID-19,2020-02,2025-07-22 18:13
China,/m/0d05w3,4,BR-RS,COVID-19,2020-02,2025-07-22 18:13
Patient,/m/028hfb,3,BR-RS,COVID-19,2020-02,2025-07-22 18:13
Mask,/m/01kr41,3,BR-RS,COVID-19,2020-02,2025-07-22 18:13
Severe acute respiratory syndrome coronavirus 2,/g/11j4xt9hdf,3,BR-RS,COVID-19,2020-02,2025-07-22 18:13
Influenza,/m/0cycc,3,BR-RS,COVID-19,2020-02,2025-07-22 18:13
Wikipedia,/m/0d07ph,2,BR-RS,COVID-19,2020-02,2025-07-22 18:13
Swine influenza,/m/057c6k,2,BR-RS,COVID-19,2020-02,2025-07-22 18:13
Country,/m/01lff,2,BR-RS,COVID-19,2020-02,2025-07-22 18:13
COVID-19,/g/11j2cc_qll,100,BR-SC,COVID-19,2020-02,2025-07-22 18:13
Coronavirus,/m/01cpyy,39,BR-SC,COVID-19,2020-02,2025-07-22 18:13
Virus,/m/0g9pc,20,BR-SC,COVID-19,2020-02,2025-07-22 18:13
Vaccine,/m/07__7,3,BR-SC,COVID-19,2020-02,2025-07-22 18:13
Severe acute respiratory syndrome coronavirus 2,/g/11j4xt9hdf,2,BR-SC,COVID-19,2020-02,2025-07-22 18:13
COVID-19,/g/11j2cc_qll,100,BR-SE,COVID-19,2020-02,2025-07-22 18:13
COVID-19,/g/11j2cc_qll,100,BR-SP,COVID-19,2020-02,2025-07-22 18:13
Coronavirus,/m/01cpyy,40,BR-SP,COVID-19,2020-02,2025-07-22 18:13
Virus,/m/0g9pc,12,BR-SP,COVID-19,2020-02,2025-07-22 18:13
Symptom,/m/01b_06,9,BR-SP,COVID-19,2020-02,2025-07-22 18:13
Italy,/m/03rjj,6,BR-SP,COVID-19,2020-02,2025-07-22 18:13
Severe acute respiratory syndrome coronavirus 2,/g/11j4xt9hdf,5,BR-SP,COVID-19,2020-02,2025-07-22 18:13
China,/m/0d05w3,4,BR-SP,COVID-19,2020-02,2025-07-22 18:13
Swine influenza,/m/057c6k,2,BR-SP,COVID-19,2020-02,2025-07-22 18:13
Vaccine,/m/07__7,2,BR-SP,COVID-19,2020-02,2025-07-22 18:13
World Health Organization,/m/0840w,2,BR-SP,COVID-19,2020-02,2025-07-22 18:13
Corona,/m/02y_4q2,2,BR-SP,COVID-19,2020-02,2025-07-22 18:13
Influenza,/m/0cycc,2,BR-SP,COVID-19,2020-02,2025-07-22 18:13
Infection,/m/098s1,2,BR-SP,COVID-19,2020-02,2025-07-22 18:13
SARS,/m/01byzl,2,BR-SP,COVID-19,2020-02,2025-07-22 18:13
South Korea,/m/06qd3,2,BR-SP,COVID-19,2020-02,2025-07-22 18:13
Ministry of Health of Brazil,/m/0c3ty1w,1,BR-SP,COVID-19,2020-02,2025-07-22 18:13
Pandemic,/m/061s4,1,BR-SP,COVID-19,2020-02,2025-07-22 18:13
COVID-19,/g/11j2cc_qll,100,BR-TO,COVID-19,2020-02,2025-07-22 18:13
COVID-19,/g/11j2cc_qll,100,BR,COVID-19,2020-02,2025-07-22 18:13
Coronavirus,/m/01cpyy,34,BR,COVID-19,2020-02,2025-07-22 18:13
Virus,/m/0g9pc,12,BR,COVID-19,2020-02,2025-07-22 18:13
Symptom,/m/01b_06,8,BR,COVID-19,2020-02,2025-07-22 18:13
Italy,/m/03rjj,4,BR,COVID-19,2020-02,2025-07-22 18:13
China,/m/0d05w3,4,BR,COVID-19,2020-02,2025-07-22 18:13
Severe acute respiratory syndrome coronavirus 2,/g/11j4xt9hdf,3,BR,COVID-19,2020-02,2025-07-22 18:13
Vaccine,/m/07__7,2,BR,COVID-19,2020-02,2025-07-22 18:13
SARS,/m/01byzl,2,BR,COVID-19,2020-02,2025-07-22 18:13
World Health Organization,/m/0840w,2,BR,COVID-19,2020-02,2025-07-22 18:13
Influenza,/m/0cycc,2,BR,COVID-19,2020-02,2025-07-22 18:13
Infection,/m/098s1,2,BR,COVID-19,2020-02,2025-07-22 18:13
Mortality rate,/m/01b4_q,2,BR,COVID-19,2020-02,2025-07-22 18:13
Swine influenza,/m/057c6k,1,BR,COVID-19,2020-02,2025-07-22 18:13
Pandemic,/m/061s4,1,BR,COVID-19,2020-02,2025-07-22 18:13
Lol,/g/12338jjh,1,BR,COVID-19,2020-02,2025-07-22 18:13
Epidemic,/m/0hn9s,1,BR,COVID-19,2020-02,2025-07-22 18:13
Suspect,/m/01ylrd,1,BR,COVID-19,2020-02,2025-07-22 18:13
Johns Hopkins University,/m/09kvv,1,BR,COVID-19,2020-02,2025-07-22 18:13
Ministry of Health of Brazil,/m/0c3ty1w,1,BR,COVID-19,2020-02,2025-07-22 18:13
South Korea,/m/06qd3,1,BR,COVID-19,2020-02,2025-07-22 18:13
Rate,/m/01x1q9,1,BR,COVID-19,2020-02,2025-07-22 18:13
